이름,우편번호,주소,주소상세,전화번호,이메일
김정희,17841,대전광역시 종로구 서초중앙로 644,재현이타워,019-560-7939,ehong@example.net
이예원,10715,충청북도 서천군 테헤란로 767,서영박송마을,02-8875-0617,sugja09@example.com
이영미,56799,대구광역시 중랑구 삼성754가 980-78 (지우김마을),은지박강마을 383호,033-865-3263,donghyeon29@example.net
김상호,66991,대전광역시 강북구 개포로 696-73 (은영권면),수빈김조타운 109호,018-942-1084,sanghyeon46@example.net
서정남,86696,광주광역시 남구 영동대826길 352 (채원박김동),종수고이연립,010-7950-2063,hanjihyeon@example.net
이혜진,43590,제주특별자치도 옥천군 압구정779거리 254 (옥순서윤읍),순옥안빌라 Y동 532호,064-766-7625,junyeong19@example.com
성경자,71766,경기도 청주시 상당구 선릉0거리 581 (정자이박읍),영길이마을 Q동 280호,044-317-9391,hyeonsuggang@example.net
강윤서,09027,경상북도 제천시 서초대로 지하602 (수민전김동),서준황빌라 450호,052-789-6622,ano@example.net
장진우,77492,경기도 수원시 장안구 개포로 183,민수이안마을,031-846-0572,sangho57@example.org
안예진,90194,충청남도 서산시 서초대06가 지하74,은경김연립,061-127-7580,jiyeon66@example.net
김영일,16854,대구광역시 영등포구 봉은사거리 561 (명숙강이면),지아김아파트 P동 914호,033-011-3673,yeonghoi@example.org
김예지,98995,경기도 가평군 석촌호수길 872 (성현박김읍),지은배아파트 957호,041-918-5768,xgang@example.org
김선영,54111,인천광역시 용산구 오금27길 526-67,지혜이타워 나동 249호,010-9706-0327,bgweon@example.org
최지은,59321,경상남도 태백시 선릉길 32 (종수김면),성호엄이타운,063-986-2189,subinim@example.org
이은지,72988,대전광역시 동구 선릉75로 68 (승민손읍),보람이연립,017-492-2463,seungmin22@example.net
김혜진,35433,대구광역시 금천구 역삼길 765,서윤권김연립 828호,016-418-9928,agang@example.com
오병철,39083,제주특별자치도 안산시 단원구 양재천가 576-81,민석박이타워 X동 845호,043-079-5347,ki@example.com
민현지,85248,부산광역시 서초구 선릉482로 684-78 (미영류동),준혁황타워 716호,032-257-5770,yejin32@example.org
이유진,61783,강원도 안양시 만안구 가락길 675 (민재이고마을),정호장노타워 Y동 449호,016-715-8695,sanghoha@example.com
하수진,84476,경기도 안양시 동안구 서초대5거리 302-15,종수박마을,019-174-8036,minseog88@example.com
김수민,49171,울산광역시 금천구 논현길 20-8 (윤서김김리),미경김아파트 U동 850호,017-621-9169,bgim@example.org
이정숙,99520,경상남도 안산시 서초중앙7길 248-52 (승현지박읍),명숙김강빌라,010-1352-3760,yeongjabag@example.com
나예원,98460,충청북도 시흥시 양재천로 690,유진이최연립 W동 824호,042-777-1556,ysong@example.net
박지혜,33033,부산광역시 중랑구 언주13로 598 (예지김마을),성호류빌라 V동 693호,041-114-0822,gimjunyeong@example.net
김성수,99379,전라남도 청주시 흥덕구 봉은사가 199 (수진이읍),현정이박마을 D동 735호,018-972-7487,yeongilgim@example.com
최예준,46309,울산광역시 성동구 선릉6가 560,영숙김배아파트 716호,062-558-6567,sugjana@example.com
최시우,38724,전라남도 진천군 테헤란가 253 (미영김이읍),성호송마을 306호,02-0538-4058,yyun@example.org
류예진,52271,서울특별시 강서구 언주38가 684 (보람안마을),지후임김연립 L동 031호,055-890-7612,rsong@example.net
엄정웅,07409,광주광역시 동작구 강남대거리 931-38,은지김빌라,043-601-1571,gyeongsugbae@example.com
박영환,01369,인천광역시 서대문구 압구정5길 521,민수심양마을 K동 773호,055-263-7735,noseungmin@example.com
김경숙,77260,부산광역시 노원구 강남대0로 108-88 (지우이이읍),서준윤이타워 741호,063-470-7236,mryu@example.net
최경수,89253,전라남도 공주시 선릉거리 172,윤서장타운 776호,017-396-6061,bagujin@example.com
김현지,22823,경상남도 광명시 학동8가 356 (영자김동),승현이강타운,055-796-9600,sunog09@example.org
김은서,52988,광주광역시 동구 개포3로 383,예진강빌라 961호,051-516-1320,gimjiweon@example.com
김병철,45697,대구광역시 중랑구 서초대6가 774,지민장허아파트 615호,062-442-5355,gyeongja05@example.org
송도현,84014,강원도 보령시 압구정길 710,현우이이마을 137호,032-589-3696,anjunseo@example.com
이정웅,17262,부산광역시 강서구 삼성가 801-91,영수전이타운 423호,016-115-4257,cunja64@example.org
김경수,85430,충청남도 용인시 처인구 봉은사길 540 (정희강동),수민홍김마을 666호,019-473-0470,boram92@example.net
김민준,00992,인천광역시 서구 봉은사거리 792 (민재김김면),정숙박김타워 142호,044-578-6686,imigyeong@example.net
서미경,07339,세종특별자치시 서대문구 잠실208거리 지하667 (예진이면),영자문연립,061-893-5879,yunseoseo@example.net
황은서,33321,제주특별자치도 과천시 학동길 929 (지은남김동),지훈서이마을,055-599-9804,sonminjae@example.com
문민지,87038,경기도 홍천군 양재천8길 204-73 (유진김면),예진안연립,055-645-0642,cyun@example.net
권준호,03238,경상남도 성남시 중원구 강남대길 87,병철이장빌라 Q동 107호,031-054-0743,cjo@example.net
이영숙,93898,강원도 용인시 가락가 313,옥자주김빌라,062-994-8681,jbag@example.org
박은영,90178,제주특별자치도 증평군 개포가 지하282 (서윤김장면),도윤김손타워 792호,053-367-1193,haeun58@example.net
이도윤,14202,울산광역시 북구 도산대1로 901,동현김마을 715호,064-789-5260,jongsugim@example.net
문영길,99118,광주광역시 은평구 석촌호수9길 151,채원김전타워,016-020-4913,mseo@example.net
이지우,04134,서울특별시 구로구 압구정103가 391-30 (지연노읍),영자안김타워 R동 360호,041-540-9864,josugja@example.org
최하은,63821,충청남도 안산시 논현거리 486,상현이김마을 585호,063-519-7731,yeongceoljin@example.com
박은서,40347,전라남도 고양시 일산서구 테헤란846가 350 (서윤홍면),지연차김빌라 143호,054-994-3593,yeonggil80@example.net
장예원,08575,대구광역시 성동구 영동대5거리 426-57,영수윤이빌라 B동 386호,054-060-6317,yunseo79@example.com
배지영,42210,전라북도 서산시 강남대41가 552-25,예은강신아파트 I동 620호,043-171-8177,gimyeji@example.com
나유진,70270,울산광역시 성동구 영동대83로 550-3,은영강최타워 C동 478호,064-760-9753,minji09@example.com
나은영,25832,경기도 당진시 압구정9가 865-68,은경오타운 20동 215호,041-546-5170,gimhyejin@example.net
오영호,19236,경기도 정선군 삼성거리 356,지영이마을,010-6257-8769,ganggyeongja@example.com
이지후,21645,강원도 수원시 영통구 언주가 176,은정이손타운 U동 049호,063-713-9373,jangseoyeon@example.com
한미숙,06175,경기도 수원시 권선구 학동913길 352,성훈백연립 370호,061-038-6340,jeonghyigang@example.net
양지훈,78495,대구광역시 강남구 양재천6가 288-32 (승현김마을),경수김이마을 594호,070-9976-7341,hongjaeho@example.org
오정호,13344,부산광역시 강북구 압구정1거리 808 (준영백마을),춘자송타운 850호,044-944-8923,hi@example.net
김미정,46233,경상북도 이천시 양재천길 809-4 (성훈강주읍),병철윤빌라,018-009-5542,iyeongmi@example.net
김미경,76060,대전광역시 송파구 역삼길 953 (준서이읍),민서박빌라,043-467-6943,seonghuni@example.com
하미정,82791,충청북도 의정부시 도산대462가 241,민지이아파트,033-717-9446,hwangyeongceol@example.com
김정호,51198,제주특별자치도 파주시 개포36로 지하729 (성진이마을),하윤이박마을,031-911-3876,bi@example.net
이정순,12100,경상남도 안양시 만안구 역삼43거리 109-87,영진엄김타운,063-703-5096,haeunbag@example.net
이도현,96685,울산광역시 성동구 논현로 292 (영숙김읍),상철김박빌라 T동 306호,018-817-8302,minjae45@example.net
김은영,23587,충청북도 속초시 강남대로 720,지우김이빌라 150호,02-2319-7522,qgim@example.org
장서윤,55206,부산광역시 송파구 테헤란66거리 지하205,은지이타운 458호,017-697-4320,sonyeeun@example.net
박도윤,97690,대전광역시 서대문구 서초대15거리 72,지우박송아파트,010-9390-0545,ai@example.net
한순옥,89728,광주광역시 송파구 삼성로 452,진호이아파트 F동 413호,041-063-3593,jiyeongnam@example.com
이수진,01972,강원도 여주시 언주9거리 157-48,주원김황타운,062-466-8956,minsu12@example.net
강민석,47363,전라남도 천안시 동남구 서초대가 213-11,영순박타워 N동 844호,063-645-8503,baegjinu@example.net
백승현,94065,부산광역시 남구 삼성로 762-16 (정수김장동),지후최빌라 J동 723호,063-462-3247,seoyeon41@example.org
이경수,06719,충청남도 용인시 가락1로 491 (수진박최읍),지훈권빌라 가동 480호,061-968-3019,bagsangho@example.com
이상훈,38265,부산광역시 마포구 잠실85로 395,선영김이아파트,055-330-5537,jinugim@example.net
서서준,16008,인천광역시 북구 백제고분36로 지하76,은주박마을 028호,051-144-9099,xgim@example.org
남하은,22598,울산광역시 은평구 개포568길 520 (서윤민마을),진호엄연립,031-182-3153,ggim@example.com
김정웅,75958,경기도 성남시 오금011로 293,예준이타운,051-595-7700,byang@example.com
최서영,64625,광주광역시 성동구 오금거리 294,민지김타워 041호,055-700-9413,kgim@example.org
박진호,12599,세종특별자치시 강남구 강남대가 9 (경수이강읍),미숙김마을,011-867-8105,gweonseongjin@example.org
김시우,83896,전라북도 군포시 영동대484길 지하482,정순오빌라 J동 991호,044-768-7906,seongjingim@example.net
남상철,23169,제주특별자치도 부천시 원미구 삼성72길 203,아름장타워 196호,062-663-1045,wgu@example.net
박채원,51240,부산광역시 양천구 테헤란가 957,현지서아파트 150호,063-498-1793,seoyeong76@example.org
김정호,46176,충청북도 홍성군 선릉644가 33,수민이연립 724호,044-956-6346,doyun30@example.org
홍영일,63219,경상남도 양주시 역삼86길 512-27,지민김김빌라,062-362-6020,lyun@example.com
강종수,55132,인천광역시 관악구 오금길 874 (영자류이동),지아백김연립 131호,019-512-5155,joseoyun@example.com
황미숙,54832,경상북도 청주시 청원구 삼성거리 지하378 (정훈김김리),예은안마을 L동 085호,051-773-8859,seonyeongyang@example.com
김경숙,87169,부산광역시 광진구 잠실18가 293 (정자김동),민준윤성빌라 C동 574호,070-1435-0019,ugim@example.com
박지우,36553,인천광역시 중구 압구정559길 469 (수진김김면),지연이송연립,041-911-0590,ogsun26@example.com
지성진,08861,경기도 강릉시 선릉가 560,진호서아파트 282호,010-2718-2668,yujinbae@example.org
강정남,41880,울산광역시 송파구 개포951길 648-98,병철최빌라 633호,019-768-7299,isumin@example.org
백예원,16402,경상북도 홍천군 역삼2거리 568,미영성타운 578호,053-229-9587,minjuno@example.org
장현숙,53309,광주광역시 서구 서초중앙8가 366-16,상호이윤연립 858호,02-0616-2308,gwangsubag@example.org
서민서,70697,광주광역시 관악구 개포336로 841,성훈김이타워 809호,053-704-4557,hanmyeongsug@example.org
강재현,77160,서울특별시 노원구 반포대가 171,지훈강권타워 446호,017-278-6910,yeonghwan35@example.org
한경숙,39948,서울특별시 강동구 강남대47로 783-8 (서윤최서리),상호구박마을 637호,02-9486-6184,byeongceolbag@example.org
송은정,10172,울산광역시 노원구 역삼거리 지하414 (민서김마을),유진박김아파트 Z동 257호,011-361-7271,ryuyeongjin@example.org
심서윤,27123,인천광역시 남구 가락거리 지하673,경수김빌라 287동 377호,042-561-6187,jeongung41@example.com
김정숙,58506,대전광역시 서초구 봉은사38가 547-57,수빈한김빌라,043-432-2396,iminseog@example.com
신시우,17400,인천광역시 성북구 도산대로 940 (지후김이동),성민이아파트 P동 880호,054-152-0141,sangceol33@example.net
이서연,80985,울산광역시 동구 역삼길 965 (지아최면),영길손고타운 W동 093호,033-347-6093,xryu@example.com
박아름,15135,대전광역시 송파구 테헤란가 784,지연김최타운,063-260-0223,kryu@example.com
한정웅,71704,서울특별시 노원구 개포12로 4-76 (지은박이마을),현지서윤아파트,051-979-1364,gyeongja30@example.org
이경수,89325,대구광역시 양천구 언주가 지하819 (경자손면),서현강연립,043-341-6477,kgim@example.com
김현주,11593,충청북도 성남시 중원구 석촌호수872길 417-78,영미김장마을 V동 828호,061-457-3436,gweoneungyeong@example.net
김도윤,41207,대전광역시 동구 서초중앙735가 246-70,미영문이연립,053-665-8397,fgim@example.org
이경수,59180,충청남도 당진시 가락768길 461 (수빈송면),민재강연립 나동 488호,041-653-8503,jinhoi@example.org
이영길,89131,충청북도 옥천군 압구정2거리 지하90 (상철이읍),서영박김마을 C동 841호,043-363-5265,iyeongil@example.net
송성훈,82000,충청남도 수원시 영통구 봉은사길 445,영호김김타운 31동 984호,041-965-0928,seongmisug@example.com
이은서,17552,충청남도 안산시 압구정거리 720-33,지현박이마을,064-772-5456,bagsangceol@example.com
황지연,58753,울산광역시 금천구 언주가 289-27 (영진김동),경수민김마을,064-700-4751,sangceol73@example.org
백윤서,47054,충청북도 양구군 오금로 98-37,서윤김타운,031-395-1074,igim@example.net
윤서영,55702,서울특별시 성동구 개포가 711 (혜진김동),은지박마을 756호,033-430-5578,qgim@example.com
김영환,52381,대구광역시 종로구 봉은사34길 893 (선영장면),영희김김연립,052-723-8509,iminseo@example.org
양지연,80395,제주특별자치도 태백시 강남대거리 901 (준호김동),서현이빌라 가동 676호,054-020-2696,seoyeonggang@example.org
김정자,70545,강원도 오산시 오금65거리 706-24 (성훈지읍),민재서아파트 028호,063-227-5485,jiyeongyun@example.org
오재현,77596,충청북도 용인시 처인구 서초중앙2가 394-1 (경자김김리),정자이타워 937호,070-8938-3004,ijeongung@example.org
박예원,60967,충청북도 양주시 서초중앙32가 793 (진우김서마을),준서이타운 S동 815호,042-922-3723,myeongsuggim@example.net
강정남,40319,강원도 아산시 역삼가 118-9,영숙한아파트 127호,016-135-1583,eunjibag@example.net
강서현,52107,경기도 고성군 테헤란4로 지하200,미숙최연립 Z동 834호,018-912-3924,juweongim@example.com
박명자,50605,강원도 성남시 중원구 테헤란길 28,우진김연립 C동 214호,070-3574-3966,jeongsugcoe@example.org
김상훈,67505,전라북도 과천시 논현9거리 지하712,정훈김김타운 554호,016-980-5582,ggim@example.org
구유진,42037,충청남도 양구군 잠실로 538 (춘자이리),정자류김아파트 369호,032-871-1655,hyeonsugbag@example.com
고진호,14771,울산광역시 도봉구 서초대가 915 (정순남마을),명자최마을 538호,064-730-9802,yujini@example.org
윤정숙,71014,제주특별자치도 시흥시 선릉로 544-18 (준혁윤권면),준혁송이빌라,031-258-0333,doyuni@example.org
오윤서,17155,울산광역시 강북구 논현가 893 (보람이정마을),현우최타운,061-559-0073,sunja01@example.net
이정수,49885,충청남도 수원시 권선구 개포59가 147 (상철박이마을),준혁전마을,016-279-1710,jiyeong17@example.net
이도현,56011,울산광역시 강서구 도산대로 지하636 (보람이김마을),영숙이정마을 710호,041-256-9783,iareum@example.org
김정식,04776,인천광역시 성북구 삼성0로 279 (지우장읍),정수이이빌라 마동 579호,070-9106-1769,ei@example.org
한유진,16299,인천광역시 노원구 영동대246로 880 (지훈박이리),은주송타워 460호,062-580-9965,igim@example.com
이지후,02425,인천광역시 송파구 서초중앙길 지하128 (서현최마을),서준이연립,042-337-3997,jgim@example.com
김명자,23608,충청남도 수원시 장안구 가락가 지하467 (성진한읍),도윤송강아파트 F동 282호,062-821-0079,seongmin93@example.net
권준혁,97076,경상북도 충주시 서초중앙51거리 89-18 (현숙한한리),영수문아파트 057호,019-394-7331,jeongung95@example.com
김동현,73137,경상남도 정선군 오금로 87-20 (숙자한동),준혁김박마을,041-219-0738,ojaehyeon@example.org
김은주,97019,부산광역시 구로구 가락가 780,승민이빌라,042-854-7916,gyeongsug21@example.com
김은영,63776,부산광역시 노원구 학동39거리 939,예원김타운,032-054-7752,yejin88@example.org
윤상훈,81009,전라북도 안산시 상록구 석촌호수로 지하830 (선영이리),미영이타운 가동 174호,042-101-4981,jgim@example.org
이준혁,85528,서울특별시 강서구 언주11길 지하882 (상호조면),수빈권김연립 543호,033-159-9518,jinu87@example.com
김병철,18630,제주특별자치도 양양군 논현72가 995,은영류빌라 768호,02-7196-9596,xbag@example.org
윤경자,70772,인천광역시 마포구 개포49가 303 (승현백리),영호남타워 787호,070-7873-4215,hyejini@example.org
김민석,68716,제주특별자치도 서천군 테헤란5거리 481-62 (영수이동),은영박우타워,011-488-7806,doyunjeon@example.org
윤민지,07336,경기도 포천시 선릉가 835-85,옥자이마을 P동 907호,010-4068-5401,heojia@example.com
지성민,98820,충청북도 용인시 압구정310길 418 (아름김고면),도현김김타워,032-106-6016,hyeonji66@example.org
이지우,65847,세종특별자치시 노원구 반포대길 481-25,수빈김한아파트 바동 831호,052-880-8394,gimjeonghyi@example.org
김준영,05286,전라남도 증평군 오금57가 623-42,정식김빌라 016호,055-352-6037,yangsunja@example.net
김하윤,98694,경상북도 용인시 봉은사8로 지하295 (준서조김면),명숙서박아파트 942호,016-911-1653,ijunho@example.com
김중수,50125,경기도 부여군 오금가 551,영숙김아파트 Y동 472호,019-866-1731,vryu@example.com
김영순,02750,인천광역시 관악구 테헤란가 544-95 (순자김김리),미영김아파트,017-905-0915,ggim@example.net
김지원,55960,부산광역시 강동구 개포13길 지하115 (수진이이마을),민지류장연립 011호,052-986-3748,yunmyeongja@example.org
오영희,58019,광주광역시 은평구 강남대로 635 (영순최박마을),준호김민연립 B동 753호,042-172-1165,eunjijin@example.com
권재현,43176,울산광역시 강동구 서초대44가 573,영호김연립 마동 597호,041-826-9734,yeeunjang@example.net
김영자,82091,울산광역시 도봉구 언주33가 742-98 (지아안면),지은최타운,031-744-4028,eungyeongsim@example.com
박중수,63698,충청북도 연천군 압구정가 37-74,서윤박이아파트 901호,054-048-9194,go@example.net
이서현,09795,경기도 수원시 팔달구 도산대42가 797,은지김마을 나동 422호,043-947-7018,gimseoyeong@example.org
최미영,93235,울산광역시 강남구 학동687길 지하486 (현준이김동),성진박최타운 504호,018-820-1643,cu@example.net
박서연,48440,전라남도 구리시 선릉6로 701-21,경숙송마을,041-298-5930,dohyeon29@example.org
김정희,92902,경상남도 동해시 서초중앙가 지하510,성호양타워,053-793-2214,gimsanghun@example.org
김영수,79857,전라북도 홍천군 서초중앙25거리 791-32 (동현김마을),상현강배빌라,016-699-4544,jeongseoyeong@example.org
황지우,53570,경기도 옥천군 강남대0가 지하543,지원손마을 891호,032-107-2333,jihyeoni@example.com
김정순,90730,부산광역시 영등포구 잠실가 222,주원서김아파트 236호,053-558-9706,igim@example.org
이성진,88259,경상북도 춘천시 석촌호수로 42 (영자이면),경수문강연립 U동 290호,018-180-9376,yeongsiggim@example.org
이건우,13359,전라남도 부천시 잠실621가 403-84,진우최타워 107호,031-865-5306,yeonghwan83@example.org
김시우,96467,대전광역시 서대문구 논현72가 192,서준강아파트 266호,011-815-5680,whan@example.net
강영진,69529,세종특별자치시 서대문구 봉은사37로 782-41 (영미송리),지아송빌라 D동 220호,017-363-5416,gweonjeongsug@example.org
이승민,43834,경상북도 고양시 일산서구 오금7거리 553 (민서권마을),준혁김아파트,064-782-7411,minsucoe@example.org
김지민,11473,충청남도 태안군 영동대로 577-5 (현준강백동),은영구타워 J동 658호,053-192-8562,ujin74@example.net
김서현,09885,광주광역시 중랑구 삼성가 926-70,지우김김타워,070-7344-1915,baggwangsu@example.net
한영철,84851,경상남도 오산시 개포로 317 (경자최이면),영환손빌라 K동 939호,031-170-3033,tgim@example.net
이옥순,66848,대전광역시 중랑구 반포대거리 612 (중수권전면),지훈김아파트,053-956-4227,bagjeongho@example.com
이수민,77302,전라남도 금산군 백제고분길 707-6,은영구연립 484호,011-588-1394,yujinhong@example.org
최예은,43667,세종특별자치시 강서구 영동대로 823-92 (윤서황리),영수김타워 159호,041-634-0169,seonghyeon30@example.org
김선영,00398,광주광역시 서대문구 개포거리 지하282 (은지강면),수빈박연립 091호,051-656-0345,anjeongsug@example.com
김은정,35535,광주광역시 서대문구 압구정길 557,은정송타워,043-506-7206,ko@example.org
나은경,10725,세종특별자치시 관악구 역삼149거리 967,정숙최마을 396호,061-827-0643,gweonseonyeong@example.com
박현주,30527,인천광역시 서초구 도산대거리 564 (동현박조면),예진권연립 S동 043호,054-968-3995,uhan@example.net
김혜진,65284,서울특별시 중구 백제고분길 839,영미송김아파트,061-840-4315,jiyeongim@example.net
김은서,78383,전라북도 정선군 테헤란969로 734,영수장김빌라,042-451-1121,eunyeongbag@example.com
최성호,14771,충청북도 원주시 압구정94길 236-14,상훈이타워,011-154-5922,jongsu05@example.org
이승민,67730,부산광역시 송파구 도산대로 768-71 (성수최리),하은김아파트,032-708-1399,sumin37@example.org
허승현,57656,제주특별자치도 수원시 팔달구 영동대65로 45 (성진정리),영희강조아파트 506호,016-232-5437,sunjagim@example.org
최지후,31079,울산광역시 동구 도산대거리 547-82 (지연이김면),미영김최아파트 X동 319호,053-269-9333,gimjeongnam@example.net
김미정,90228,충청북도 의정부시 역삼3로 294,서현진김아파트,044-233-9736,gyeonghyicoe@example.com
윤승민,28278,대전광역시 강남구 개포길 472-33 (지현홍마을),현지배빌라 398호,041-446-2687,yeongsuno@example.com
배수민,33996,세종특별자치시 서대문구 봉은사길 지하743 (동현최읍),은영최빌라,055-545-3353,subinseo@example.com
임정남,73207,울산광역시 중구 테헤란670가 217,현주김마을 다동 745호,018-023-9452,boram51@example.net
이순자,81361,울산광역시 노원구 서초대로 지하755,은지곽연립 440호,053-933-9853,byeongceol68@example.com
이영미,99866,충청남도 평창군 서초중앙로 202,은경김빌라 바동 572호,053-998-7169,yeonghyigim@example.com
최우진,00162,부산광역시 성동구 서초대길 지하799 (병철박동),영순김타워 754호,019-547-5098,eunyeong84@example.net
김진우,12202,경상북도 인제군 가락05길 지하69,순자백마을 L동 350호,042-208-5967,zi@example.org
박서윤,06043,전라북도 영동군 논현거리 744-93,민지이김타워 411호,041-574-1160,songyeji@example.net
장영호,27418,세종특별자치시 성북구 오금가 55,영호김이마을 바동 797호,042-938-4274,gimjihun@example.com
박정남,53972,세종특별자치시 송파구 학동길 655 (순옥김마을),미정윤타운 X동 748호,064-714-5922,ai@example.net
김건우,54226,세종특별자치시 노원구 오금로 672 (경숙최리),재호이타운 L동 950호,02-4452-4497,igwangsu@example.org
김현숙,84684,경상남도 서천군 가락4로 895-30 (준호박김동),도현문황아파트 040호,054-768-8814,rson@example.org
엄현주,94757,인천광역시 도봉구 역삼로 550-89,영호박김타운 Q동 535호,02-7459-2875,hgim@example.org
남승현,53050,전라남도 횡성군 석촌호수81가 지하447 (하은이마을),정숙김유빌라 049호,062-291-6926,suminjeon@example.org
박영일,57461,경상북도 연천군 영동대3가 623,현주서아파트 라동 558호,053-429-8147,fgim@example.net
김정희,10129,세종특별자치시 종로구 논현14거리 676-34 (지혜노이마을),아름이이연립 G동 477호,054-399-9040,yejisong@example.org
김현숙,00535,서울특별시 마포구 가락36거리 908,유진이문타워 056호,018-556-8079,gyeongsugim@example.org
박지아,57185,충청북도 양주시 잠실거리 645 (지후안읍),승민박박아파트,061-371-1683,hwangogsun@example.net
김서연,71579,전라북도 부천시 오정구 양재천거리 999 (준서김리),지연장마을 212호,02-9660-6775,seomyeongja@example.net
홍은정,56109,제주특별자치도 양주시 개포83길 147-27,현지김아파트,018-225-2240,cca@example.com
김재호,16648,경기도 금산군 언주길 86 (옥자윤마을),정웅김이빌라,017-776-8760,dhwang@example.org
오옥순,96005,경상남도 이천시 봉은사로 540 (현준주송면),춘자김최연립,070-2443-5251,jeongsungim@example.org
이성호,08928,광주광역시 성북구 강남대가 630-41,상호강빌라 O동 520호,051-792-1658,gimjeongsun@example.com
박예진,49368,강원도 파주시 영동대21가 840 (윤서이고동),미숙홍타운 가동 058호,055-549-2083,cunja61@example.org
장민서,70859,서울특별시 강북구 도산대82가 127 (예지최면),민지박마을,043-322-3626,jeongja11@example.net
박채원,91800,충청남도 부천시 소사구 영동대길 325,재현김나연립,061-555-4676,yeeunbag@example.org
이영자,11927,세종특별자치시 광진구 백제고분8거리 337-73,지혜장타워 039호,061-690-6601,yeonghyijang@example.org
지서연,26802,대전광역시 북구 가락길 553 (영식임마을),준서심연립,017-721-1032,heojeongsig@example.com
김민재,63535,광주광역시 동대문구 선릉2거리 914-97 (지은김면),예진김정연립 242호,051-748-4891,ibag@example.org
황지현,39523,울산광역시 동작구 논현로 412 (은영최홍면),정식이빌라 G동 960호,063-557-3636,ci@example.com
장은영,81627,대구광역시 강남구 영동대가 지하644,미경이빌라 V동 178호,064-713-4412,gimyeongceol@example.com
김성호,32866,경상북도 시흥시 삼성가 355,유진송김마을 435호,054-222-3959,bagjiweon@example.org
최유진,92235,경상남도 서산시 도산대가 803-65 (정웅손김리),진호이마을 625호,011-298-9710,rcoe@example.com
윤정수,70258,충청남도 의정부시 삼성7거리 961,미경김아파트 901호,018-474-1382,hyeonjun42@example.net
김하은,73775,대전광역시 영등포구 백제고분길 526 (영식이손동),서연우이마을 838호,042-158-4509,uyang@example.net
강영철,44713,경상남도 부천시 소사구 역삼58로 921,혜진권마을 393호,042-982-4537,qgim@example.net
한도윤,20397,인천광역시 관악구 잠실4거리 501-18 (미경이리),재현김마을 다동 144호,054-815-1114,gojia@example.com
김민재,30898,인천광역시 동대문구 반포대089가 267 (지연최면),지은박손타워 592호,011-325-9298,iyunseo@example.net
이경희,59842,세종특별자치시 도봉구 백제고분906거리 923 (지연이안리),정숙이박타워 602호,031-316-0827,haeunjang@example.org
최현우,86390,울산광역시 금천구 강남대393로 904 (명자김백읍),정훈김이연립 331호,017-989-5367,tjo@example.net
김예준,99895,대구광역시 용산구 영동대로 817-86,지후이빌라,031-426-3160,minjae50@example.org
박지원,84474,서울특별시 남구 서초중앙5가 268 (선영박면),미경박마을,043-214-0407,hwangjeongnam@example.com
김경숙,91092,대구광역시 도봉구 영동대2길 26 (옥자문읍),예준이한마을,032-312-0285,igim@example.com
정중수,58116,충청북도 인제군 오금거리 328 (미영손마을),민지오이연립 Y동 529호,018-891-5355,doyun13@example.net
유서준,27574,세종특별자치시 동구 개포262로 492-83 (서윤김문동),준서최아파트 421호,032-019-3135,ihyeonsug@example.org
김정희,02099,대전광역시 중구 압구정가 602-11 (윤서노면),정훈이이마을 354호,062-355-8133,myeongja35@example.org
박정훈,81293,서울특별시 서대문구 영동대길 20,종수구이연립 565호,042-165-9507,bagareum@example.org
허진호,68352,전라북도 부천시 오정구 강남대길 470,지연한이마을,010-7618-7662,junseo45@example.com
박상호,13692,울산광역시 북구 테헤란거리 447,지원김오타워 132호,043-703-1915,gyeongsu03@example.com
이영환,52524,강원도 파주시 잠실길 172 (서윤강리),준서장아파트 281호,043-165-7743,anjeongsun@example.org
안영진,25633,제주특별자치도 군포시 양재천126길 952-81,정식지타워 815호,010-8943-7446,gimeunyeong@example.com
박영자,97640,세종특별자치시 강남구 석촌호수로 468 (준영이읍),성호안김연립 L동 959호,032-308-5185,xgim@example.org
김옥자,33743,충청남도 계룡시 오금85가 761 (상철차리),준서안이타워 385호,011-542-1760,baggeonu@example.net
김성훈,85893,부산광역시 광진구 영동대로 648,지원박박타운 134호,061-520-7074,ijiyeong@example.net
이예지,83453,서울특별시 은평구 반포대184거리 284,재호박김아파트,011-588-0249,ogsun36@example.org
양경희,65669,경기도 서천군 강남대2가 185 (예원최마을),영진이타운 977호,051-531-0332,sangceol01@example.org
이현우,35067,충청남도 가평군 석촌호수로 563,상현차빌라,062-851-8069,gyeongsug18@example.org
최하은,86913,서울특별시 서구 테헤란4거리 547 (정숙이동),은영이김연립 176호,063-210-7939,gi@example.org
송재현,96470,세종특별자치시 관악구 서초중앙가 433,유진정타워,033-164-2361,ai@example.org
이정수,78821,부산광역시 도봉구 서초대361가 696 (미경김읍),은서장김타워 923호,018-600-5999,iyeeun@example.com
우유진,55733,충청북도 부천시 소사구 가락길 114,경숙백고마을 E동 300호,017-181-7643,yeonghyi75@example.org
장현정,21980,제주특별자치도 고양시 일산서구 백제고분99로 604-79 (지연최류동),은영주김연립,064-731-9752,nbag@example.net
이서현,44359,충청북도 용인시 기흥구 테헤란거리 726,미숙박박아파트 256호,051-444-2923,yeongsu30@example.net
이지아,62760,서울특별시 서초구 서초대20길 449,서연이김마을 396호,053-895-4330,jiyeong12@example.com
노예준,17830,충청남도 태백시 영동대거리 406,예지류연립 P동 663호,063-423-6442,fi@example.net
한영순,15949,인천광역시 양천구 삼성로 959,성수이이연립 S동 931호,051-714-1065,gimhyeonsug@example.com
서현준,72582,울산광역시 성북구 선릉거리 299,현정박윤타워,062-508-7485,li@example.net
이수민,68165,부산광역시 관악구 삼성4로 516,민지최타운 258호,016-625-9483,ijeonghun@example.org
이경희,18890,강원도 오산시 영동대103가 51 (미경심동),미정배이빌라 080호,042-850-0899,bagsanghyeon@example.com
이영일,67489,제주특별자치도 정선군 개포50로 202,지아문연립 S동 767호,043-365-6787,yeweon47@example.org
김지우,21808,세종특별자치시 용산구 강남대로 732-72 (정훈류오읍),중수강박빌라 T동 959호,061-869-1729,gimsumin@example.com
김민석,24388,서울특별시 종로구 오금가 290-53,준영문허타워,055-454-3748,hyeonsuggim@example.net
김예지,34032,경상북도 충주시 잠실331거리 114-93,정숙강타운,053-601-2645,iha@example.org
장정훈,13042,울산광역시 성동구 학동5길 320-12,도현김아파트 E동 286호,054-742-8530,idohyeon@example.com
김영일,57740,대구광역시 북구 봉은사길 526-81 (도현주면),종수김연립 X동 592호,064-707-7955,iyeongjin@example.org
김정식,72739,전라북도 성남시 잠실가 834,지훈노타운 202호,063-509-5672,ogim@example.org
이지우,60020,부산광역시 마포구 서초중앙길 78,영순김아파트 H동 376호,02-3969-7091,ii@example.org
박정호,87982,부산광역시 금천구 영동대길 119 (정웅최면),현우이김빌라 887호,017-127-6649,gwangsucoe@example.org
이정훈,28028,제주특별자치도 영동군 봉은사302가 3-2 (광수이김읍),예원박아파트 700호,041-979-2362,hgim@example.com
이영자,99795,경상남도 수원시 영통구 서초대로 573-84,민석서연립,044-967-1351,yeongceolhan@example.net
이준서,12117,충청북도 삼척시 서초중앙323길 252-90,승현강김타워 662호,043-363-5640,ti@example.org
김정수,10263,전라남도 의정부시 오금길 463 (현우안리),현정김송아파트 992호,061-280-6932,minjio@example.org
강순옥,50478,울산광역시 관악구 선릉로 392,영미서김아파트 가동 122호,070-9905-5748,gimjia@example.org
김경자,44866,서울특별시 관악구 서초대90로 681 (성진서읍),미영권박빌라 Y동 154호,042-196-6008,jihun18@example.com
윤경자,84637,경상북도 안산시 반포대길 지하918,현정조윤빌라 117호,055-046-9353,sanghyeongim@example.com
이은영,20819,부산광역시 종로구 오금005로 117,성현최빌라 P동 267호,062-959-8234,jeongsug31@example.com
황서윤,62375,대구광역시 중랑구 학동5로 838-89 (민재한면),영순조김빌라,052-386-4733,jiweon16@example.com
김도현,19359,충청남도 당진시 개포937거리 804-77 (서현김동),영수안김타운 D동 876호,044-256-1204,jeongsig13@example.org
이도윤,44058,인천광역시 서구 잠실로 117-93,은지이빌라,055-343-0517,coejongsu@example.net
박성수,85580,강원도 안성시 잠실239가 712 (현준박엄읍),춘자임타워,041-274-6330,bagyeonghyi@example.com
박정순,72247,경상북도 제천시 반포대가 390 (윤서장박마을),영식배최아파트,061-060-5834,hbag@example.net
김영자,88019,대전광역시 강서구 언주길 588-64 (미영이박읍),지은류서연립 마동 546호,018-001-9362,byeongceolhwang@example.com
배지은,10243,경기도 구리시 선릉9길 398 (선영김서면),시우박마을 B동 172호,017-105-5127,sunjacoe@example.net
이종수,13074,서울특별시 성동구 개포거리 지하476 (경자문김마을),지현백주타워,017-944-9992,whwang@example.net
성정자,57307,충청북도 고양시 서초대23길 292-95 (지민김읍),정식이최마을 Q동 016호,061-871-8784,lcoe@example.org
장영자,86999,충청남도 당진시 역삼6길 702-10,건우박타워 라동 159호,02-4106-2953,xgim@example.net
조현주,49397,세종특별자치시 송파구 반포대거리 72-15,상훈김빌라 608호,053-798-0379,yeongsun41@example.net
진진우,62596,전라북도 용인시 수지구 논현거리 지하720 (영식안박동),현우이아파트,016-775-7420,junho77@example.com
장지원,96723,전라북도 부천시 언주817거리 587 (보람오우마을),서현김빌라,062-298-8188,hayun68@example.org
오종수,45561,대구광역시 광진구 압구정가 958,성호김아파트,064-703-5060,boram40@example.net
김준영,90008,경기도 춘천시 압구정52길 16 (성진권리),서연김고타운,063-904-2973,jiyeongim@example.com
양정희,41737,제주특별자치도 과천시 서초중앙759길 870-29,경숙김연립 E동 272호,043-900-1237,hayungim@example.net
김은서,15910,전라남도 수원시 영통구 개포1로 100-43 (지훈한동),보람이마을 A동 522호,064-719-4929,abag@example.net
김경수,18443,울산광역시 영등포구 삼성99길 67 (유진성송리),서영이빌라 212호,044-899-9988,yeongceolsin@example.org
김종수,29954,대구광역시 중랑구 서초대5거리 27-63,종수이연립,054-069-0334,gimjihye@example.net
배영수,41888,경상남도 인제군 가락길 430,도현김연립,019-392-6557,jiweonyun@example.net
류정순,53180,부산광역시 북구 서초중앙거리 854 (미영구신읍),미정이빌라,032-339-4668,yeongmi57@example.net
박은영,08308,충청북도 동두천시 양재천가 819-77,민수이아파트 649호,041-201-1334,eunju50@example.com
한지원,85476,경상남도 가평군 양재천936로 452 (영식장마을),예준이마을 917호,031-592-6847,jeongsugson@example.net
이성훈,02730,서울특별시 동대문구 영동대94길 201,현숙김김아파트 51동 049호,019-808-1650,ki@example.com
김영미,98932,대전광역시 북구 양재천가 238 (현우이박읍),지은이연립 B동 158호,064-713-8109,hajeongja@example.com
윤성훈,59077,경상북도 정선군 잠실19로 507-6 (영자양마을),상현김타운 M동 563호,019-580-1767,iheo@example.net
박민재,49933,제주특별자치도 아산시 압구정692길 894 (상호최동),지민이홍빌라 345호,063-195-5632,oseongho@example.org
허예진,43309,경상북도 금산군 도산대길 66-24,지영김박타워,017-277-8288,gimjeongsun@example.net
박서윤,54032,서울특별시 중구 삼성거리 357-53,정수박연립 B동 372호,041-598-5801,jbag@example.org
이유진,39214,대전광역시 용산구 양재천6길 583,현주백마을,010-7308-9614,vhan@example.net
오영식,48077,부산광역시 서구 강남대가 579-85,지혜오연립 M동 321호,052-635-5399,songogja@example.net
유광수,41076,서울특별시 서초구 영동대009로 75-15 (옥순류면),성진엄고마을 K동 737호,016-709-7411,cgu@example.net
이민지,16335,대구광역시 서대문구 가락97로 438 (진호이안리),정훈민타워,042-265-7800,ji@example.com
우서영,41271,광주광역시 종로구 석촌호수840로 630 (우진김류읍),병철김마을 083호,070-8087-5656,uo@example.com
오승민,92183,강원도 충주시 강남대08길 857-94,은서이김아파트 M동 293호,041-531-5397,sanghyeon86@example.net
손하윤,22501,충청남도 논산시 학동99로 715-95,서현박타운 B동 518호,010-9456-5244,yeongmii@example.com
김순자,97205,경상북도 구리시 봉은사가 673 (영희최면),민지서마을 083호,018-971-5879,seoseoyeon@example.com
강수빈,46266,전라북도 의왕시 선릉448로 875 (예진박박마을),미경박빌라 147동 389호,032-423-9733,gjang@example.com
서지우,34633,전라남도 남양주시 도산대48가 지하171 (은경김이면),정희권타운 C동 245호,052-585-6607,jaehyeongim@example.com
김경수,97287,대전광역시 금천구 역삼88거리 지하730,민재류타워 768호,062-515-7809,seoyeong06@example.org
이지영,96137,광주광역시 구로구 학동로 지하990,옥순최아파트,017-180-9056,sangceolbag@example.com
박도현,94441,경상북도 양평군 양재천길 409,도현유타워,041-752-2179,jihyehan@example.org
고선영,08228,전라북도 제천시 잠실6거리 485-44 (현우이면),민서한황아파트,062-624-9470,gyeongsugim@example.org
이미경,78192,울산광역시 동구 압구정1가 844-6 (정훈최읍),상현김김아파트 X동 222호,070-9590-3907,ugim@example.com
김숙자,82324,강원도 천안시 서북구 압구정6가 639-52 (하은김면),보람최빌라 053호,019-798-1781,sbag@example.com
이하은,60983,강원도 천안시 동남구 가락631로 619 (지민최면),예진문우연립,011-443-7564,gimjiyeong@example.com
성성현,58203,서울특별시 노원구 논현3로 850,수진이마을,018-819-5246,xgweon@example.net
오서영,99239,부산광역시 금천구 영동대080거리 511,영수박이타워 302호,053-322-5393,junhyeog09@example.net
엄하윤,73520,전라남도 광명시 강남대길 600-48 (상현이이리),도윤김서타워 라동 595호,019-637-7423,jangjongsu@example.net
이미영,08405,강원도 증평군 강남대가 172-24 (정숙고읍),성훈손최아파트 E동 096호,052-452-0873,myeongjai@example.com
최민수,32758,경기도 시흥시 논현32가 258-68 (지연한읍),아름강김아파트 P동 020호,041-328-9225,hwangjuweon@example.org
진지영,07903,전라남도 부천시 소사구 반포대가 881,윤서임이연립 B동 207호,044-307-9952,rca@example.org
양은주,21859,인천광역시 중랑구 학동82가 977 (정호오읍),정숙이연립 J동 559호,053-646-0052,jeongjasong@example.com
홍정희,73220,부산광역시 강동구 잠실거리 917,성수윤김연립 982호,011-153-7143,jangyeweon@example.com
권재현,30927,충청남도 부천시 소사구 영동대09길 651,옥순이유연립 A동 136호,010-4726-7376,nbaeg@example.org
고지원,27863,전라북도 홍성군 강남대202길 498 (종수이김리),동현박박타운,016-611-2350,gimjeongja@example.net
윤현정,73122,대전광역시 마포구 삼성05가 812-65,예진이타워,070-6420-1198,sonsugja@example.org
오보람,02610,부산광역시 동구 학동가 94-13 (민재서홍면),정웅손심타워 바동 956호,033-210-8558,subinbag@example.org
김지혜,02165,경상남도 부천시 도산대거리 108,정숙김마을 820호,054-972-0826,yjang@example.org
김영숙,07019,강원도 정선군 백제고분700로 679,미정문타워 459호,016-811-3988,anjieun@example.org
유정희,70516,대전광역시 금천구 강남대929가 668-32,지아이마을 D동 620호,043-353-3617,isunog@example.com
이승현,66894,경상북도 삼척시 삼성가 885 (영미오마을),현준김연립 161호,043-211-2816,yujin61@example.org
김예원,41129,강원도 포천시 테헤란2로 656-33,상훈백한연립,054-034-1962,uji@example.net
이성수,14727,강원도 포천시 역삼04거리 865-87,서준고타운 826호,041-000-7605,ii@example.net
박성민,81018,광주광역시 강서구 학동56길 150-19,민서이허연립 X동 021호,033-058-9529,seoyeon44@example.org
우옥순,29942,전라북도 부천시 소사구 서초중앙거리 271-86 (예진박김마을),예은김타운 088호,062-632-4393,haeunbag@example.org
이재호,66534,부산광역시 서구 역삼거리 268,지민곽김아파트 170호,053-086-2175,tgim@example.net
이상호,10897,경상남도 여주시 테헤란50길 573 (옥자김동),서준김윤타워,063-095-7795,jihye54@example.net
김영수,52568,부산광역시 노원구 가락거리 254,건우김김타워,070-6788-1302,yunseomun@example.org
김동현,37264,충청남도 청양군 서초중앙길 26,영미권김타워 H동 679호,010-8420-1880,baegyeongmi@example.com
황경수,35279,세종특별자치시 성동구 강남대3거리 610 (보람허동),준혁이안타운,070-8215-3432,dyun@example.net
김중수,06328,부산광역시 노원구 선릉거리 751-66 (보람김성마을),예지김박마을 962호,053-385-0299,xbae@example.net
류주원,00592,제주특별자치도 의왕시 백제고분거리 434,진호안아파트 612호,062-206-6046,ijeongung@example.net
이시우,91677,서울특별시 강북구 봉은사4거리 269 (민석이성읍),상철박김타운 Z동 482호,016-305-9365,jeongsun95@example.com
강준영,25235,경기도 의왕시 개포53로 992-57,서준김황마을 O동 238호,041-362-7396,jiu44@example.com
이지원,36439,경상북도 성남시 수정구 학동거리 355-45,예원김타워,010-3498-9399,ryuyeeun@example.net
김정수,27141,인천광역시 관악구 강남대523로 지하770,정훈진아파트 O동 707호,042-294-6741,sunog50@example.org
한순옥,43971,세종특별자치시 중랑구 강남대5거리 850 (영미이마을),정순이김빌라 793호,031-459-9008,anminjun@example.net
이영진,16603,세종특별자치시 노원구 학동428로 지하149,민석윤박아파트 K동 621호,042-075-9551,ryun@example.com
김혜진,98831,제주특별자치도 안양시 만안구 테헤란46거리 63,경숙서홍연립,017-580-3008,boramgim@example.com
윤민준,94983,서울특별시 중랑구 서초중앙길 167,은경장김타운 W동 422호,031-692-6284,yeongmii@example.org
박시우,56055,제주특별자치도 양양군 선릉16로 지하116,현준최아파트,016-985-1535,gwangsuan@example.org
강은서,74795,서울특별시 송파구 개포가 946-6 (영철김백마을),민지김남마을 W동 176호,016-563-3063,hongjeongsug@example.net
김승현,48940,제주특별자치도 가평군 도산대333거리 25-51,성진윤차아파트 H동 412호,042-966-8287,coejimin@example.org
민춘자,57603,인천광역시 도봉구 압구정거리 785,하윤이한연립 748호,052-995-4470,seonghyeonji@example.com
이시우,76092,울산광역시 강서구 오금가 969,정식장박타워,02-3366-3819,minji69@example.net
김상호,53588,대전광역시 광진구 역삼거리 152,민준김김타운 139호,051-575-9956,gweonyeonghyi@example.com
문은지,63465,전라북도 계룡시 테헤란가 193,성호김아파트,032-208-2692,sugjabag@example.com
김영호,83190,경상북도 안양시 백제고분로 419 (상현박마을),영일심이연립 234호,042-441-1030,cgim@example.net
이은지,14394,인천광역시 용산구 학동가 60,성민백마을 438호,016-043-7144,ujin65@example.net
박순자,53802,인천광역시 종로구 삼성가 943 (은영박서읍),지원하연립 다동 161호,031-856-1077,jeongsugi@example.com
이영환,04714,서울특별시 노원구 역삼가 874,지아김마을 B동 181호,010-5544-0822,sugja64@example.com
주재현,30386,광주광역시 종로구 반포대로 232 (승민안이마을),정숙정문타워 라동 568호,011-411-8403,ccoe@example.net
이은서,16623,전라남도 부여군 도산대41거리 지하631 (미정이리),영자김김마을 811호,010-0339-8459,ai@example.com
류도현,91947,충청남도 당진시 잠실968거리 지하39 (경수김동),예지문아파트 805호,055-857-9739,boram14@example.net
이민준,93825,경상남도 홍천군 언주382가 509,시우김김타운 878호,02-1513-0346,songseungmin@example.org
김영일,01791,전라남도 부천시 오정구 잠실거리 900 (경수백읍),지영김타워 105호,051-528-7107,yeweon30@example.org
오은지,76670,경상북도 서산시 개포로 741-87,순옥서이타운,033-653-6380,hyeonsug28@example.net
이상철,29404,광주광역시 서구 학동7가 277-68 (서연이정리),미숙최마을,033-195-8002,fgim@example.com
한정웅,82044,경기도 괴산군 석촌호수가 지하888 (성현김리),지민장타운 089호,044-160-2931,coecunja@example.net
이명자,11011,울산광역시 서구 영동대0가 937-88 (지우안김면),성진최마을 268호,019-430-3954,gyeonghyijang@example.org
이서연,73069,울산광역시 서구 개포로 575 (상철홍리),하윤홍아파트 512호,052-106-3404,gimseonyeong@example.org
황광수,15956,경상남도 군포시 백제고분79로 31-72 (영환이김읍),병철류아파트,017-717-9675,seoyun76@example.org
송서영,76572,대구광역시 서대문구 오금길 995-71 (명자성리),재현진타워 736호,033-935-8888,vna@example.net
문춘자,61364,인천광역시 중구 압구정4길 473-5,정수구이아파트 X동 765호,041-628-1486,abae@example.org
신경수,71714,경상북도 태안군 논현길 246-61,영길허권타운,031-824-1282,thong@example.net
손현우,73802,대구광역시 마포구 강남대가 17,경희손타워 O동 787호,041-712-8809,sumin64@example.org
이하은,81018,광주광역시 구로구 백제고분길 185 (경희정이읍),지후백마을,062-233-5555,dgim@example.org
김미정,77065,부산광역시 서구 봉은사로 794,명자이마을 K동 414호,055-893-5550,oi@example.com
손옥자,69217,전라북도 시흥시 테헤란47로 799-31 (정훈권박면),현주김마을 570호,070-1556-7139,seonghoi@example.com
이상훈,79211,전라남도 충주시 개포길 884-36,승현양김타운 347호,033-946-4595,sangho69@example.org
황은정,31537,강원도 태백시 서초중앙가 16 (하은송면),진호최마을 580호,051-602-9121,agim@example.com
김지원,64958,경상남도 시흥시 서초대길 446-21 (순자이이리),미경심김타운,051-585-4288,hcoe@example.org
서은주,46071,경기도 철원군 가락길 573,준호홍마을,063-992-7015,hyeonjunmin@example.net
엄서윤,52909,경상남도 고양시 덕양구 테헤란28거리 232 (선영김김마을),동현송김아파트 E동 136호,043-814-1000,cunjai@example.net
황지현,14990,인천광역시 서구 선릉66거리 875-36 (준서윤읍),유진안김마을 152호,017-802-5843,gimyeweon@example.net
임서영,99598,전라남도 부천시 오정구 도산대로 지하224 (순옥조동),지우김윤아파트 Y동 054호,018-238-0449,gimbyeongceol@example.com
안주원,44258,제주특별자치도 예산군 개포거리 454 (현숙김마을),진호이김빌라 558호,017-227-5649,cbag@example.net
이영미,10180,전라북도 가평군 학동08로 183,미숙노연립 바동 898호,010-8761-8773,ijimin@example.com
이민재,62989,충청남도 당진시 반포대길 718,정자안빌라,062-597-4075,cbag@example.net
최지원,99396,울산광역시 금천구 압구정거리 105 (우진오이읍),혜진최권마을,032-834-3189,gimsangho@example.com
이성민,23948,부산광역시 구로구 테헤란81거리 63,예은최빌라 F동 474호,031-956-3853,mijeongim@example.com
박정숙,59786,인천광역시 구로구 백제고분거리 685 (우진박박읍),현정양김타운 I동 202호,042-822-4588,jongsu77@example.org
김지아,36053,충청북도 안산시 단원구 강남대거리 306-29 (상현홍동),도현박마을,041-429-2273,myeongja51@example.org
박영철,79207,경상북도 강릉시 영동대가 58-29 (숙자이김읍),민지김김마을,070-5237-8143,mijeongjang@example.org
류현주,55799,광주광역시 강북구 개포길 695-75,주원김마을 601호,070-1506-9128,hyeonjucoe@example.com
이경숙,29817,광주광역시 동대문구 가락3길 179,광수송류타워 855호,053-940-9557,yeongil74@example.org
이수민,41271,경기도 오산시 잠실가 724-20,상호남타운 550호,017-767-1382,ugim@example.net
서영수,41559,제주특별자치도 태안군 강남대가 85,경희박타운 418호,043-679-1779,dnam@example.com
곽영식,34065,서울특별시 마포구 언주거리 740,아름서빌라 O동 615호,018-839-4564,yeongsun52@example.net
김은정,96677,부산광역시 영등포구 잠실가 776 (준영오김마을),상훈김이아파트 181호,070-5219-0618,minjun17@example.org
류정자,26620,부산광역시 양천구 논현312가 127 (경수고이읍),재호이안아파트,02-1888-9398,junyeong50@example.org
강채원,73472,울산광역시 서초구 양재천거리 225 (진호김면),예은이김타워 S동 774호,041-476-9566,sanghyeonhan@example.org
윤지현,67023,강원도 영동군 봉은사03거리 117-58,정호장타워,042-873-5763,seoyeongseo@example.net
문영식,74386,부산광역시 동구 개포2로 95,정호박아파트 374호,033-949-2847,yeongsugi@example.org
문광수,15942,전라남도 안산시 단원구 봉은사길 563-25,혜진박강마을 263호,017-772-7243,hgim@example.com
박지아,42056,대구광역시 관악구 반포대22길 379-31 (정자김마을),정식이연립 775호,02-2970-3859,jinubae@example.com
김영미,37585,충청북도 안양시 봉은사8가 715-39 (예원김장읍),재호서이빌라,043-816-5792,tjeong@example.org
신민석,51456,전라남도 정선군 논현0가 지하878 (보람김박마을),서현이연립 A동 166호,017-111-6995,xcoe@example.com
이은지,44114,전라북도 진천군 개포거리 49-66,혜진장빌라 R동 547호,052-034-6934,eunjio@example.org
서건우,88642,경상남도 천안시 서북구 논현가 943-31,종수강최마을 214호,016-819-0996,seoyun16@example.org
윤지후,10047,세종특별자치시 광진구 서초대360길 846 (준서윤고면),진우이윤마을,041-187-3964,yeongsun99@example.org
이은주,23420,대구광역시 마포구 압구정길 597,정수김고빌라,054-360-9107,bagjeonghun@example.com
배병철,14513,대구광역시 노원구 봉은사가 355-90 (지은김김리),민수이타워,061-939-2905,seoyeongmun@example.com
김보람,75893,경기도 동두천시 봉은사거리 406 (민재임윤리),은정배아파트,010-9499-9596,jihugim@example.org
김예원,81171,인천광역시 성동구 서초대61가 808-98 (명숙김동),명숙김빌라 B동 540호,02-1667-0766,byeongceoli@example.org
김은정,08486,경상남도 안산시 단원구 서초중앙거리 915-56 (성민이박마을),지현박아파트 598호,063-686-1025,yeongmi81@example.com
서종수,18876,전라남도 용인시 수지구 도산대가 294-32,영진박타운,031-931-2689,gyeongja36@example.com
정승현,35245,대전광역시 강서구 언주로 441 (승민김배리),은주이마을 F동 834호,019-692-4065,uan@example.org
김은서,10241,경기도 의정부시 서초중앙로 592-39,승현최연립,054-077-2908,ryujiu@example.com
이지민,38214,대전광역시 강남구 영동대01가 286,정희김아파트 214호,031-356-2424,gimjihun@example.com
김영진,07455,제주특별자치도 속초시 석촌호수거리 468-88 (순옥김리),진우차박연립,032-177-8879,hanujin@example.net
이지연,72476,전라남도 안양시 오금252거리 590 (순옥윤마을),민재배박아파트,062-237-8827,sonhyeonji@example.net
장보람,94412,충청북도 고양시 일산동구 압구정5가 239-1,광수이안빌라 라동 813호,031-867-2157,gimsubin@example.net
장윤서,21948,경상남도 수원시 영통구 개포거리 167-11 (승현박이면),도현김배타워 430호,063-932-6974,ijunseo@example.net
김상현,36546,세종특별자치시 구로구 가락길 655,민준홍김아파트 S동 369호,016-082-4803,yunseo83@example.net
최영식,22153,경상북도 청주시 흥덕구 백제고분길 320 (광수윤박읍),채원김타워 A동 171호,031-563-9828,gwangsubag@example.org
이민서,83341,세종특별자치시 송파구 논현가 278 (지은이마을),정남이마을 759호,016-908-1647,seojiweon@example.net
권영길,85087,대전광역시 강북구 강남대9로 743-1,영일백타워 I동 109호,031-795-3456,yejungim@example.com
김은지,81494,강원도 부천시 테헤란거리 254-51,서영권연립,02-6525-7127,ibae@example.com
김성현,24897,경상남도 포천시 역삼거리 961-87 (예원박김마을),정수최마을 F동 695호,031-374-7709,syun@example.com
박현숙,74725,대구광역시 영등포구 봉은사가 227-58,영미이마을 G동 526호,054-267-2191,minseobaeg@example.org
이지원,00215,세종특별자치시 성북구 잠실길 718-7 (정수김읍),정훈권박연립 555호,011-076-8240,iyejin@example.com
남서영,18995,대전광역시 은평구 백제고분21거리 759-72 (중수박동),영일김연립 J동 911호,062-877-9974,abag@example.org
김민석,90065,충청북도 연천군 석촌호수거리 261,지민박이타운 879호,032-314-7582,hwangsubin@example.org
박정수,46545,광주광역시 종로구 학동453길 478-72 (정숙윤최동),민서박연립 라동 597호,051-986-8226,hyeonu39@example.net
김현지,62802,전라남도 포천시 양재천162길 492-95,성진지마을 나동 833호,070-4033-8147,haeun68@example.org
김정식,85597,경상남도 여주시 가락가 955 (서현황리),영미이김연립 224호,042-576-8138,iyeongjin@example.net
이미경,97745,광주광역시 동작구 압구정626거리 54 (현정이박읍),서윤김아파트 269호,02-9769-5727,oseoyun@example.net
나현주,52606,경상북도 수원시 장안구 도산대로 223 (현우김김읍),보람김박타운 285호,063-441-4050,yeongjai@example.net
엄병철,69385,인천광역시 남구 잠실길 지하521,하은김김빌라 524호,033-236-8374,jeongsu47@example.net
박은서,07874,제주특별자치도 제천시 서초대19거리 891-67 (채원김면),민재양한타운,017-262-0300,bageunseo@example.net
서서준,28073,대구광역시 광진구 잠실거리 58-8,준영윤타운 881호,02-2427-1837,yujineom@example.org
안영미,00862,대구광역시 송파구 백제고분길 406,명숙김김빌라 915호,031-032-5444,yhan@example.net
황정수,41696,울산광역시 마포구 학동77거리 지하475 (정희우김읍),정순김이타운 R동 491호,031-413-3195,yo@example.com
문현우,18813,울산광역시 서대문구 학동길 지하535 (진우이읍),영환김홍마을,054-431-1758,gimjuweon@example.net
윤서현,23447,세종특별자치시 동작구 가락150가 483 (상호고리),민석김연립,061-216-8070,yeongsun18@example.org
김수민,53158,서울특별시 동대문구 개포573로 700-85,선영백박아파트 다동 586호,064-766-4768,gyeongsug36@example.org
박시우,59470,대구광역시 동대문구 도산대273길 309-8 (현정박김동),성훈조김빌라,031-630-5925,gimsanghyeon@example.org
박은주,42558,세종특별자치시 동작구 석촌호수가 657,옥자김아파트 E동 260호,017-688-7070,sunoggim@example.org
김옥자,25987,대구광역시 강동구 역삼길 987-96,영일박이빌라 T동 597호,043-474-4761,seongmingim@example.com
김광수,56458,충청남도 광주시 백제고분길 349,민서이마을,010-6131-5019,anjaeho@example.net
류혜진,53915,광주광역시 북구 가락4거리 지하327 (은영최권읍),은정장아파트 X동 558호,043-071-9539,sanghobag@example.com
김경자,11518,부산광역시 관악구 압구정가 250-77 (성진박김리),수민손최아파트,018-914-2641,munsujin@example.net
서영식,95759,광주광역시 북구 서초중앙길 지하433 (성훈김김읍),민준김김마을,044-299-6657,ui@example.org
최서윤,17506,부산광역시 영등포구 백제고분길 지하49 (성호양서면),지민이아파트 293호,054-344-1978,seunghyeon84@example.net
김춘자,00998,울산광역시 동구 삼성거리 768 (승민고이리),준혁송이연립 103호,017-705-4554,sumin07@example.net
김은경,45253,경기도 수원시 장안구 가락05로 313 (채원고읍),준혁이류연립 R동 552호,042-653-5874,gyeonghyi77@example.org
조하윤,24052,인천광역시 종로구 개포238가 857 (지은오류읍),은서한김빌라 196호,043-793-1740,junho97@example.com
나지은,80945,강원도 논산시 도산대길 769,영길오박마을,043-957-9252,muneunjeong@example.org
김영자,90074,대전광역시 송파구 역삼가 909 (명자백읍),건우이이아파트 N동 559호,042-339-9181,hi@example.com
김현숙,63913,부산광역시 동대문구 테헤란2거리 506,은경장우타워,041-319-4352,yejungim@example.com
김동현,71629,충청북도 구리시 서초중앙가 80 (서연문이마을),재호문아파트 바동 850호,064-725-5798,gimeungyeong@example.org
이서현,43472,인천광역시 동작구 강남대로 431,서연김타워 260호,017-498-3235,gojeongsun@example.net
김예원,25695,경상북도 수원시 권선구 석촌호수가 976-47,예진이빌라,064-744-2044,jinu55@example.com
서영환,55568,인천광역시 도봉구 강남대길 지하549 (예원박읍),중수강마을,033-967-2163,jaehyeonbag@example.com
강예원,62334,경상북도 고양시 가락470길 974-84,시우강마을 521호,064-706-8666,bagjongsu@example.net
김현우,27299,경상남도 양구군 반포대거리 147-31 (성진차최면),현정조박빌라,042-691-2386,hongmigyeong@example.org
홍준혁,12785,경상북도 수원시 팔달구 개포로 411-88 (성호김유동),영미주타운 310호,010-4555-3568,songminseog@example.net
이현숙,15438,전라북도 고양시 일산서구 강남대128거리 157-23 (선영김읍),서영김빌라 다동 280호,070-2878-8526,seonghoi@example.net
장지원,59590,충청북도 진천군 학동거리 168-12,주원강박연립 658호,018-522-8520,caeweonbag@example.org
류준혁,22169,세종특별자치시 성동구 양재천61거리 706,수민황마을,044-861-3239,eunjeong61@example.org
김영숙,71699,세종특별자치시 노원구 테헤란87거리 지하45 (경수김안마을),지혜이노타운 516호,010-5349-7716,imyeongsu@example.com
김진우,59914,대구광역시 성동구 개포46가 870-25 (수민김리),옥순황배마을 N동 381호,032-672-0642,gangboram@example.org
김영식,26430,서울특별시 용산구 논현72거리 945,예지이아파트 952호,070-8000-4780,jeongsiggim@example.net
노영수,39318,전라북도 광주시 가락09길 252-83,예원이김아파트 883호,016-658-8451,jeongja45@example.com
권지민,68085,전라북도 원주시 가락길 628,민지이정빌라 694호,055-236-1120,cunjayu@example.org
김준영,25426,대전광역시 강서구 논현7거리 774-6 (서윤장동),영식정이마을 K동 808호,044-897-0880,gimgwangsu@example.org
김은정,85212,대구광역시 서초구 역삼가 534 (현숙서면),정희강이타워,054-155-4999,coemyeongsug@example.net
김성호,87365,충청북도 서천군 삼성길 385-37 (준혁류김면),수진이타워 M동 832호,017-244-3729,coesubin@example.org
김옥순,40685,부산광역시 중랑구 학동852가 414-11,지우이마을 859호,016-456-9774,rgim@example.com
김순옥,38540,세종특별자치시 양천구 가락75가 778-6 (민수강동),상현이빌라,042-779-3540,myeongsug95@example.net
박은지,29757,서울특별시 남구 언주3거리 575 (정희이손동),성훈최김아파트 P동 266호,064-735-9375,jiyeoni@example.net
고정훈,62714,울산광역시 중랑구 봉은사9가 997 (영길권동),정희김최빌라,011-142-4359,yeongjinjo@example.com
오성진,44534,경상남도 옥천군 서초대길 736 (성훈김동),성호김마을 987호,070-9906-0329,jihun26@example.org
김하윤,00019,전라북도 강릉시 잠실7거리 571 (은주김면),숙자김마을,02-8946-6980,seungmin61@example.net
손경숙,50281,전라북도 속초시 백제고분로 199 (병철권리),은서김아파트,043-392-4387,seonghuncoe@example.com
김수진,96861,전라북도 홍성군 언주로 93 (정수한김마을),은주이이타워 다동 586호,018-422-5988,sunja50@example.com
김윤서,74558,세종특별자치시 구로구 테헤란019길 지하911,정웅류권연립 097호,061-496-4476,jeonghunbag@example.net
이성호,28692,대전광역시 강동구 서초대4거리 11,재호손민마을 F동 311호,052-400-3767,sunoggim@example.net
문영희,72208,울산광역시 중구 석촌호수495길 771-21 (옥순강동),종수박연립,051-631-4318,cseong@example.org
이서준,34457,경상남도 부천시 원미구 반포대로 836 (지민구리),정호김타워 818호,010-4228-2806,hyeonjina@example.com
김진호,75421,전라북도 청주시 청원구 양재천거리 431 (현준장동),영희황빌라 205호,063-697-8885,dbag@example.com
김현준,86875,대구광역시 서구 삼성765로 675,지후구타워,043-354-3858,kgim@example.net
안영일,16081,충청북도 공주시 테헤란거리 732-99 (은정신동),재현전타워 318호,053-478-2870,ieunseo@example.org
곽지영,34843,충청남도 시흥시 반포대로 804-78 (준호양박면),서윤박하타운 가동 793호,062-059-8069,iyeonghwan@example.org
곽민수,20228,전라북도 성남시 양재천거리 지하216,상훈박박아파트,061-176-5282,pgim@example.net
차진호,13648,대구광역시 중구 서초대0로 718-4,정호장김빌라 M동 736호,017-548-7469,ego@example.com
김지영,71274,경상북도 광주시 백제고분047길 797 (순옥홍이면),하은김빌라 L동 949호,044-256-2664,seonghyeon63@example.net
심지혜,41206,세종특별자치시 동대문구 학동로 925-95 (병철송리),영진최타워 I동 833호,033-379-5413,seoyeon78@example.com
하영식,97810,경상북도 과천시 백제고분가 지하328,성민김빌라 319호,053-682-8738,ii@example.com
서윤서,46900,대전광역시 영등포구 가락가 636 (진우최김면),준서서이마을 407호,018-525-1198,gyeongjagweon@example.com
박영일,21459,경상남도 철원군 선릉거리 656,미정이타워 517호,041-856-1063,ogsunan@example.net
김진우,34860,전라북도 화성시 석촌호수가 900,경숙박빌라 083호,042-806-8513,gimjunhyeog@example.net
진은주,17825,부산광역시 강북구 역삼081길 902-94,은주홍서마을 H동 445호,011-790-4885,fna@example.com
고정호,57788,전라남도 청주시 청원구 언주가 303-18 (서영이면),영환김이아파트 623호,055-703-0565,lhong@example.org
이성진,71820,광주광역시 서초구 논현625길 512-60,채원곽이빌라 P동 671호,051-009-2437,usong@example.com
진지후,64199,세종특별자치시 은평구 언주66거리 지하849,상훈강박빌라 W동 675호,019-487-1695,jongsu31@example.com
윤서준,92625,대구광역시 구로구 서초대길 970 (상철김권읍),경희고박빌라 K동 252호,070-1138-7359,ganggyeongja@example.net
홍지연,48215,경기도 서산시 오금862로 575-26,정호안민연립,070-1090-8651,ehwang@example.com
이명자,71500,충청북도 시흥시 봉은사37로 468 (민준김김리),준서박양연립 173호,042-032-8566,cunjagweon@example.net
한정식,51534,강원도 남양주시 도산대6로 867-57 (재호윤남동),정남성박연립 498호,042-507-3432,seunghyeongim@example.com
손현숙,12841,전라남도 영월군 잠실길 183-17,현지이타워 다동 138호,054-613-3746,eungyeongi@example.com
이승민,17397,인천광역시 마포구 언주9길 402 (정웅권면),지후윤연립 213호,032-189-1496,gangeunjeong@example.net
최지현,26719,전라북도 안성시 도산대로 80-11,명숙김연립 017호,051-080-9567,yunjihyeon@example.org
이정숙,45234,광주광역시 영등포구 역삼거리 197,도현박타운 J동 734호,017-343-8089,gimminji@example.com
조예진,82282,충청남도 부천시 원미구 영동대7가 179-37,성민서이연립,062-892-8548,isunja@example.org
김미경,30346,대구광역시 도봉구 학동거리 174 (미정권읍),명자박마을,018-789-7163,dohyeongim@example.net
장준호,59295,서울특별시 영등포구 언주77로 741,숙자김타워 89동 224호,043-900-0138,sonjeongung@example.org
정지민,98138,인천광역시 강북구 개포27로 942 (순옥이한리),민서배연립 385호,02-6717-3532,gimeunju@example.com
조지원,96508,경상남도 수원시 팔달구 서초대0길 478-21 (시우최리),수빈전아파트,019-538-6774,namgyeongja@example.net
이정식,58271,경상남도 예산군 서초대63길 800-52 (은서최면),성수손아파트 586호,017-669-9790,jeongsiggim@example.net
윤미영,99097,부산광역시 중구 영동대로 593-80,서연이빌라 106호,055-586-2236,migyeongo@example.net
송은정,06636,대구광역시 은평구 가락가 471 (민석손읍),건우김아파트 I동 246호,070-0958-9914,lyu@example.com
김준영,05828,강원도 양구군 백제고분80길 363-70 (성호김김동),영자김고연립 775호,055-883-1361,rgim@example.com
오경자,77251,울산광역시 도봉구 도산대01로 705,성현이이연립 950호,044-558-8150,seunghyeonmun@example.net
윤서현,61527,충청남도 파주시 잠실253거리 931-16 (준호홍홍동),경수류타워 K동 722호,063-794-2098,byeongceol61@example.com
이승민,25403,부산광역시 마포구 반포대가 966,병철한김빌라 217호,017-442-8748,gwagseunghyeon@example.com
조서윤,32805,경기도 보은군 강남대01로 지하882 (준호김읍),민재남타운,016-953-2927,hyeonu73@example.com
김서현,65128,광주광역시 은평구 잠실56가 961 (정웅권류마을),민지박타운 A동 641호,053-204-3759,seongmin80@example.net
이시우,42791,전라북도 보은군 강남대83로 618 (민서박윤읍),서현김김타운,054-675-7943,seoyuni@example.net
한상호,24967,전라북도 괴산군 삼성078가 787 (영환이마을),승현이김마을 552호,032-227-8061,bagjieun@example.com
이도윤,04269,대전광역시 송파구 역삼5가 지하260 (건우구김마을),상호이이아파트,052-186-4078,eunyeongbag@example.net
이서준,38950,경기도 홍천군 논현가 지하927 (정자서김읍),지아전빌라 048호,010-2839-0148,jiyeonjin@example.org
황현우,35113,충청남도 의정부시 서초중앙2로 186-20 (정남박면),옥자이빌라 나동 926호,02-7815-3085,gimsiu@example.org
홍은정,06627,대구광역시 종로구 역삼가 130,민재나연립,043-354-5070,yujingim@example.com
류순자,07159,인천광역시 동대문구 학동9길 288-8 (민지유이마을),도윤박윤타워,018-717-0331,vno@example.org
김영진,56854,충청북도 금산군 오금5가 522-16,정호박마을,062-877-5272,hyeonju14@example.net
최영자,61826,서울특별시 강북구 백제고분길 792-81 (성수고양읍),정훈노남타워 367호,019-965-6526,jongsu86@example.org
박영환,45132,대구광역시 도봉구 압구정58거리 146-78,재호서타운,018-469-0584,dbag@example.net
김민석,67051,경기도 공주시 논현4로 553-40 (도현양배면),영수이타운,062-482-6528,mijeong79@example.net
박미정,57882,대구광역시 종로구 압구정725거리 150-65,영일이빌라,041-879-2492,jiugim@example.net
문정남,69509,세종특별자치시 광진구 학동445가 121-20 (진호김김마을),춘자서권마을,055-528-8814,hyeonsug00@example.com
주하은,63569,광주광역시 금천구 오금3거리 275-76 (옥순최이리),예은박최타워 U동 860호,010-5966-8547,vi@example.net
김영순,94838,광주광역시 남구 언주751길 708,진호김서타운 E동 586호,043-359-1306,lgang@example.com
이종수,57140,부산광역시 강남구 반포대가 628,상호박이마을 319호,043-027-7148,egim@example.net
이상철,81664,광주광역시 중랑구 압구정761길 543,정웅김서마을 T동 751호,032-055-2851,yeongsubag@example.com
박영철,60131,경상북도 평택시 서초대로 423 (하윤한마을),정순이성타운 F동 826호,061-677-2596,eungyeonggim@example.net
김영식,62398,경상남도 단양군 잠실739길 881-37 (성현권김리),경수김서빌라 679호,019-027-0755,gwangsuan@example.com
강재호,94145,울산광역시 강동구 영동대53거리 957-4,하윤송양타운,052-843-8743,haeunsong@example.org
엄영수,45876,강원도 평택시 삼성48거리 469-42,민준배아파트 064호,033-196-3725,zcoe@example.com
장하은,70221,경상남도 횡성군 오금로 111,서연허타운 826호,070-3463-0504,sujingim@example.org
이병철,09280,광주광역시 중랑구 삼성로 153,하윤남마을,055-933-5991,cgim@example.org
이현숙,04213,충청남도 청양군 양재천0길 216,재호이손타워 623호,064-788-0430,ii@example.com
김성현,69992,부산광역시 광진구 개포길 417 (유진하면),서영장타운 480호,017-454-2447,qbae@example.net
윤준호,36089,경상북도 남양주시 학동길 257 (은정구마을),종수이아파트 984호,033-018-0500,bbag@example.org
이병철,67974,경기도 하남시 테헤란76로 지하941 (영희정면),재현최윤타워 941호,053-642-5685,byeongceol52@example.com
문시우,41588,세종특별자치시 성북구 선릉430가 558,현정권아파트,018-674-1522,jeonghyibag@example.net
남현정,14875,전라남도 성남시 수정구 오금로 740,정순문오아파트 V동 395호,064-748-0693,boram44@example.net
최종수,48281,경상남도 예산군 논현거리 634,현정곽아파트 M동 941호,044-248-9476,tgim@example.org
김성민,99539,충청북도 영동군 백제고분7가 7 (지혜차동),예준김이빌라,019-288-2929,hyeonjigim@example.net
김예진,32461,충청북도 금산군 잠실41로 지하64,지영류빌라 288호,052-210-4897,tbag@example.net
이영호,40474,대구광역시 북구 잠실길 671-50,명숙손이타운 576호,070-2429-2098,ujang@example.net
이채원,10671,전라남도 아산시 압구정거리 948 (진우김읍),지영송김아파트,062-735-5738,wgang@example.net
김정수,15147,경상북도 성남시 수정구 학동로 294-76,정수권김빌라 다동 186호,033-892-4316,xcoe@example.org
장유진,25902,강원도 동두천시 백제고분가 823,중수전오연립 792호,054-920-8769,doyunhong@example.net
최보람,03499,충청북도 예산군 도산대길 817 (영수류박읍),민수박타운,052-318-3913,uhan@example.net
권준서,88236,세종특별자치시 광진구 서초대492길 454,성민이타워 I동 789호,017-716-4686,yeongili@example.net
류예준,48882,세종특별자치시 성북구 강남대로 579 (준혁조리),예은김김빌라,043-359-4497,ujini@example.net
남유진,17366,광주광역시 광진구 석촌호수89가 916-67 (예은이김면),은주한연립,052-102-0331,mgim@example.org
김진호,72007,서울특별시 동구 강남대871길 지하386 (서현윤동),상현김아파트 581호,044-116-9494,ci@example.net
권은영,28274,부산광역시 강동구 학동46길 381,명자최타운,052-837-1301,jiyeongjang@example.org
서성호,33867,경기도 청주시 서원구 잠실길 773 (도현우마을),지훈서마을,033-151-7161,hongareum@example.com
박명자,08962,대전광역시 송파구 도산대거리 768 (경희윤이면),은주김타워 167호,070-6832-9026,gimogja@example.net
이민준,89238,대구광역시 도봉구 압구정로 51 (영진김리),예준이박타워 579호,044-710-7310,haeuncoe@example.com
김옥자,06551,경기도 태백시 서초대거리 766,준서박송타워 G동 436호,019-980-3104,seongjingo@example.net
문승민,41411,인천광역시 서초구 개포거리 88-47,지원김마을 379호,033-892-0877,coeyeongceol@example.com
이지연,84490,전라남도 옥천군 테헤란85거리 지하766 (지현김마을),지은성송타운 437호,063-495-4276,jeongnami@example.org
박민석,83278,충청남도 성남시 분당구 양재천26로 552-72,경숙양김연립 352호,070-2370-6408,gimseonghyeon@example.net
조성수,39152,전라남도 안산시 단원구 삼성235거리 435,도윤김아파트 R동 681호,041-317-1045,zcoe@example.net
이성수,44476,경기도 고양시 언주6길 356 (하은조면),유진김빌라 027호,02-7525-5282,igyeongsu@example.org
김경자,70300,울산광역시 금천구 강남대가 365 (미숙손한동),은정김연립 941호,070-9928-3640,jiyeongi@example.org
강성민,01158,전라남도 부천시 소사구 강남대70로 65 (민준엄허마을),지원박연립 139호,033-745-6281,ihyeonji@example.org
허상철,62539,부산광역시 강남구 역삼372거리 889-57 (재현최동),영환신류마을 353호,054-148-4150,yeonghoi@example.net
심준서,09637,대구광역시 서구 영동대10가 768,옥순이빌라 213동 957호,044-984-2907,eunyeongcoe@example.net
이현숙,69130,전라남도 안산시 논현로 지하199,현지김한아파트,062-222-2299,jinu82@example.org
조옥자,49863,경상북도 성남시 분당구 언주95거리 303-31 (선영권읍),혜진고빌라,033-097-7503,misug65@example.org
박민준,73188,울산광역시 북구 논현270길 786,은서김타운,010-0427-4050,seongjin65@example.com
노상호,35118,서울특별시 중구 역삼길 지하559,도현김아파트 W동 778호,032-158-8935,sangceoli@example.com
서영일,82454,제주특별자치도 안양시 만안구 역삼24거리 163 (주원서읍),민재이임아파트 316호,032-928-5660,bagjiyeong@example.org
이준호,69095,전라남도 부천시 오정구 잠실43길 712 (성호장리),정훈곽김아파트,033-043-0690,hjeong@example.com
박현숙,20875,강원도 횡성군 서초중앙9길 202 (미영문면),도현이고타워,055-330-0625,si@example.org
김지아,52121,대전광역시 강서구 백제고분06가 459,성진권마을 164호,043-293-2387,caeweon23@example.net
김예진,51970,경기도 철원군 테헤란087로 237 (광수김마을),은서김안아파트,055-747-7404,yeongmigim@example.com
서현준,18571,전라남도 안산시 상록구 역삼5로 165 (승민안이마을),은주이마을,064-767-7225,myeongsugi@example.org
이민준,07259,전라북도 삼척시 백제고분3가 840,미경박이마을 P동 817호,019-887-7626,oi@example.net
이지우,14687,제주특별자치도 안양시 언주4길 95-55,미영이이타워 717호,041-251-8490,seongho81@example.com
김영일,46883,인천광역시 서구 압구정065길 293-35,윤서박연립 083호,033-994-9105,cunjabag@example.net
김도현,34333,대전광역시 서구 가락2길 25-94,경숙이연립 C동 798호,044-443-7392,ljang@example.net
김성훈,93548,충청남도 수원시 영통구 가락길 296-44 (경희정박동),현준오권마을,032-209-7995,qan@example.org
장순옥,87063,충청남도 단양군 삼성로 92-81 (영환김면),현정한김아파트,016-590-3497,lgim@example.net
이현숙,59557,전라북도 안성시 삼성로 지하578 (은정김읍),유진성연립 U동 859호,055-480-8700,mijeongi@example.com
이정훈,28695,경상남도 안성시 영동대길 331 (시우김면),영희안김빌라 H동 543호,018-871-8616,igim@example.org
박성민,26526,제주특별자치도 계룡시 강남대336길 770 (준혁최서마을),명자김타워 L동 186호,010-3973-4297,minjunseo@example.net
김은경,69431,제주특별자치도 의정부시 석촌호수가 910-23 (주원이류면),성호이김연립 294호,063-035-3426,bageunjeong@example.net
박지영,73030,경상북도 안산시 상록구 도산대가 98-37,지혜윤강빌라 U동 079호,063-593-4623,bagyejun@example.org
김하윤,10305,광주광역시 강남구 선릉912거리 51 (경자노장동),중수최김타운 I동 809호,054-082-0720,misug44@example.com
황지훈,79340,대구광역시 종로구 서초중앙5길 267,승현김타워 034호,061-276-9575,gimjimin@example.org
오준혁,63212,경상북도 고양시 덕양구 서초대가 525-74 (현숙윤안동),명자김정타운,033-560-4040,yeonghyiheo@example.org
하명숙,34699,경기도 수원시 팔달구 강남대515로 30,재호박타워 B동 478호,042-133-4636,yeonghwan06@example.net
안명자,86455,광주광역시 은평구 봉은사7거리 784-47,우진황양마을,032-261-2665,siui@example.org
이민재,95803,경상북도 성남시 수정구 논현길 487-75,정자문김마을 645호,053-012-0301,ban@example.com
조영일,47686,부산광역시 강서구 압구정7가 802-68 (혜진최면),지원심타운 283호,042-133-9345,no@example.net
류지혜,85210,경기도 인제군 삼성18거리 65 (영호이최읍),예은박김빌라 O동 851호,061-666-5312,yeweoni@example.net
이상현,18642,세종특별자치시 동대문구 논현거리 591,서준고양빌라 978호,063-370-6935,yejin96@example.net
박민석,73284,대구광역시 광진구 역삼0거리 720,서현이김타워 P동 207호,018-952-5171,jihyeonyun@example.org
한예지,09482,제주특별자치도 춘천시 언주3길 2,시우최타워 276호,055-862-8788,gimjieun@example.com
손주원,69824,충청북도 속초시 역삼5가 389-13 (정숙이오면),정남윤마을 O동 935호,055-178-8876,sanghun89@example.com
박지원,89934,충청북도 옥천군 선릉거리 지하613,미정신최마을 054호,054-153-4135,eunjeonggim@example.com
김진호,12430,대전광역시 동대문구 도산대로 767-12 (진호김읍),정웅이김타운,055-895-6439,hwangjunseo@example.net
이주원,92948,충청남도 안성시 압구정6로 58-5,민지최마을 995호,063-952-5732,yeji28@example.org
김도현,26917,제주특별자치도 계룡시 언주거리 403-63,영진장김타워 851호,042-141-8696,mbag@example.org
강성호,12265,서울특별시 중랑구 양재천21가 236,은주최박연립 071호,051-772-4207,junhyeogi@example.com
황명숙,15756,부산광역시 서초구 삼성98로 지하686,서윤김마을 222동 744호,017-297-2280,gangminjun@example.com
한예은,88466,경상남도 수원시 영통구 가락길 지하457,지후이문타운 569호,017-975-7375,mijeongyun@example.net
심예진,88802,강원도 평택시 강남대가 지하85 (영순최읍),미경김이타워 481호,031-043-7078,yujin76@example.net
박시우,35578,광주광역시 동구 가락거리 206-48,영식진윤타워 213호,054-989-1089,fcoe@example.net
이승현,83861,충청남도 인제군 석촌호수4거리 788 (현숙오이면),은정김마을 499호,033-421-7661,jaeho12@example.org
이정남,82398,강원도 수원시 권선구 가락6로 483,서연김연립 78동 724호,010-2904-9937,jiyeongyun@example.com
김진호,23883,대구광역시 종로구 개포6길 286-11,영일손마을 780호,064-705-6563,gominji@example.net
이준영,88547,전라북도 남양주시 역삼87로 48-81 (지혜이동),현지윤연립,051-382-8860,qhan@example.org
강영수,35950,부산광역시 북구 서초중앙거리 149,지현박타운 762호,054-682-7902,yujino@example.org
오지우,85096,울산광역시 관악구 서초중앙94가 513-45 (준혁류면),예은김아파트 Y동 796호,052-876-1469,hyeonsuggim@example.org
하지아,19951,충청북도 평창군 서초중앙가 318-21 (상훈황김읍),도윤이차마을 219호,033-548-3728,eunyeongi@example.org
박예원,32865,세종특별자치시 도봉구 영동대0거리 지하694 (채원이면),정수윤이타운 E동 390호,011-193-5895,fbag@example.org
김영호,43811,대구광역시 종로구 역삼가 951 (상현황읍),수빈박타워,064-714-6203,junseo17@example.org
김성훈,30228,세종특별자치시 강동구 영동대9가 443 (혜진양김동),정훈김마을 I동 472호,032-097-4072,gimbyeongceol@example.org
이현준,71771,경상북도 철원군 백제고분373로 135 (성현박이리),영길윤마을 457호,064-755-6468,egim@example.org
김옥순,11665,강원도 춘천시 삼성7로 714,서준홍박마을 630호,052-889-6274,gimcunja@example.org
박동현,76706,대구광역시 은평구 오금834거리 520 (재호강박동),정순박김아파트 X동 872호,044-261-2395,sunjagim@example.net
이정순,75259,부산광역시 동작구 가락9거리 지하156 (예원이고면),경숙강연립,02-6075-5027,minjungim@example.org
이은영,04277,강원도 고양시 일산동구 압구정거리 328 (종수김리),종수김빌라 931동 508호,052-156-5495,sugja48@example.com
박서영,71032,인천광역시 영등포구 강남대0로 948-92 (준혁박마을),명숙손타워 936호,042-820-4019,suminryu@example.net
이현숙,97178,인천광역시 서대문구 테헤란거리 지하915,정훈김윤연립 X동 722호,044-715-6016,hyeonjiu@example.org
이병철,28270,경기도 속초시 논현거리 지하440,지후김타운 마동 290호,032-114-8212,seojaeho@example.net
김승현,03972,제주특별자치도 삼척시 오금7길 808 (정자안마을),현정하연립,061-260-0266,junseo04@example.com
노정순,60400,전라북도 의왕시 영동대5거리 463-8 (순옥윤박리),예은김빌라 193호,061-052-4815,juweon27@example.net
박지훈,51568,경기도 양구군 학동로 717-68,승민이빌라 가동 385호,070-7799-4493,gimjihu@example.com
김상현,43528,울산광역시 용산구 가락876거리 192 (현지홍면),미경황장빌라,032-900-7668,dohyeon59@example.org
김은지,15954,부산광역시 구로구 선릉가 지하439 (지훈오동),순자박타워 S동 722호,051-879-9739,dgim@example.com
권현주,89310,강원도 성남시 분당구 선릉0로 615-1,현준박연립 J동 030호,051-016-0206,hyeonjungim@example.com
한진우,14457,전라북도 안양시 만안구 논현거리 541-86 (영수김리),영진민양아파트 J동 443호,042-338-2642,gyang@example.com
정예진,12593,경상남도 보령시 학동127거리 914 (춘자안마을),성수노안아파트 S동 658호,042-693-1242,pbag@example.net
김하은,07244,강원도 수원시 팔달구 양재천길 429,예지장빌라,051-968-4359,wnam@example.com
신건우,34406,부산광역시 서대문구 학동길 63-74,영철이연립 431호,043-388-3276,hyeonsugbag@example.net
이영호,54513,전라남도 충주시 학동92거리 19,영길이최타운 H동 654호,054-690-8264,minjaejang@example.com
윤상현,82061,대구광역시 관악구 잠실가 416,영진이빌라 567호,042-443-5197,jihyegim@example.org
임상훈,14386,부산광역시 양천구 강남대094길 595-85,정훈최최아파트 L동 903호,041-144-1960,jeonghoi@example.org
심정웅,10211,울산광역시 송파구 잠실로 170-34,현정김빌라 Z동 058호,017-237-2960,juweon08@example.org
조정자,46182,서울특별시 강동구 강남대2거리 171-67 (성민이차읍),지원서타워 N동 009호,011-712-3394,dcoe@example.net
정상현,99417,인천광역시 중랑구 학동67거리 540 (영식권박동),도윤김진타운 185호,02-5197-2603,jeongnamhwang@example.net
정준호,42526,서울특별시 북구 서초중앙거리 지하265,경수이김연립,053-339-0938,eunjeong85@example.net
최수민,51592,대전광역시 종로구 도산대1거리 990-16,미영나연립 H동 783호,044-377-2107,gimyeji@example.org
이지훈,13370,대전광역시 종로구 서초대06로 386-95 (영식오읍),정순강윤타운 J동 628호,018-069-0485,minseog98@example.org
김선영,96671,전라북도 용인시 수지구 강남대가 319 (정훈박한동),현우김박타워 825호,052-114-6319,gwangsu25@example.org
김정희,82705,광주광역시 강북구 선릉가 지하54,도현김오타운,017-860-8638,hansangho@example.org
안승현,31080,경기도 고양시 일산동구 봉은사길 21-84,경자이아파트 299동 681호,053-680-3107,sangceol02@example.org
이은영,84062,제주특별자치도 청양군 언주86로 지하940,상호한이타운,062-937-3237,sangceol34@example.net
윤재현,41856,광주광역시 구로구 오금92길 833-73,영환한박아파트,052-427-0175,dbag@example.net
김주원,78956,대구광역시 은평구 잠실로 232,예원윤빌라 397호,044-340-5760,siucoe@example.net
권민수,89982,전라북도 양평군 서초대가 576,은주김빌라 484호,042-084-1298,jinho04@example.net
홍성호,47340,대구광역시 성북구 석촌호수3길 734-65,영숙김타워 114호,052-824-3847,yeongceol07@example.com
김하윤,07298,부산광역시 서초구 반포대71거리 395 (예지이이리),현숙김이타운 Q동 032호,061-143-9566,sanghoim@example.com
노예진,25893,대전광역시 용산구 삼성588로 417-53 (성진주이마을),지원박박연립,031-727-2373,rhong@example.com
고순자,69952,부산광역시 동작구 삼성거리 300 (정웅류면),현주우이마을 M동 181호,018-066-2919,jiyeonjo@example.com
지영길,46318,부산광역시 양천구 서초대길 328-37,유진김김연립 518호,053-085-0660,iseoyun@example.net
심순옥,15097,충청북도 충주시 반포대거리 768 (승현이리),영호한연립 790호,044-199-4125,seongsunja@example.net
최현준,30206,부산광역시 중랑구 테헤란4거리 99,준영조연립 404호,063-633-3845,ngim@example.org
임지후,87276,충청남도 성남시 봉은사길 984-1,병철이빌라 998호,02-4217-6275,miyeong72@example.net
박춘자,71422,경기도 고양시 덕양구 백제고분7로 218-15 (지현문김면),영희최이아파트 681호,070-3971-5527,seongmin06@example.org
김영일,65914,전라남도 청주시 청원구 봉은사653가 510 (민준김안읍),성훈지타운 A동 070호,019-986-3712,hancunja@example.org
김영미,26095,인천광역시 양천구 역삼736거리 지하849 (정식양장마을),정남윤최연립 L동 690호,02-5803-8283,areum60@example.net
양경희,49550,대전광역시 강남구 도산대가 763,승민류마을,017-380-7655,seoyeonjang@example.org
김도현,62788,전라남도 시흥시 석촌호수206가 301 (은주박안읍),은주조타워 214호,02-0885-5193,munyeonghwan@example.com
배진호,25280,경상남도 김포시 서초중앙로 401,승현강타운,018-033-1623,jiuyun@example.com
이주원,40820,대전광역시 동대문구 논현6길 12-83 (영길박이면),지현이빌라 394호,042-705-7267,yeongho13@example.net
이상철,51093,대구광역시 은평구 서초중앙0로 808,정남손김연립 864호,010-8994-8646,doyun11@example.net
김준서,44793,전라북도 포천시 강남대065가 679 (지은강동),은영김연립 352호,064-740-6900,ancaeweon@example.net
이준영,70431,광주광역시 노원구 서초중앙로 479-85,영식김박아파트 J동 285호,018-761-2570,sugja74@example.net
김성훈,15721,대전광역시 관악구 테헤란226가 82-42,현숙이아파트 546호,062-982-0004,sunoghwang@example.org
박지영,07070,인천광역시 종로구 양재천길 지하944,윤서최홍타운,062-357-8924,sgo@example.net
홍지은,36896,인천광역시 중구 테헤란거리 505,수진조양타워 I동 977호,017-761-5453,cgim@example.org
김승민,79702,경상북도 태백시 삼성거리 274-92 (옥자허읍),재호이아파트 다동 400호,031-798-6805,ieunyeong@example.com
김건우,63009,전라북도 구리시 석촌호수가 283,영진김윤연립,011-958-3482,bagsubin@example.net
김우진,68121,대전광역시 서구 양재천가 111 (건우김읍),민준안타워 308호,052-240-1125,igyeongsug@example.org
강은주,29608,부산광역시 종로구 선릉87로 769 (경자김류마을),보람박연립 E동 191호,032-701-0117,seongjino@example.org
류예준,04984,울산광역시 강동구 논현길 766 (선영하동),지아우이빌라 H동 611호,041-073-1081,imyeongsug@example.org
서민준,96730,인천광역시 구로구 오금181거리 43 (성수김읍),영미박이타워 201호,055-515-8442,gimhyeonu@example.com
김윤서,87019,대전광역시 종로구 서초중앙927길 290-15 (승민김허리),준영최배아파트 287호,043-200-4443,sson@example.net
장승민,49822,제주특별자치도 영월군 서초대897로 580 (은경장노리),민준김이연립 G동 176호,032-752-1296,hyeonsugbag@example.org
최성현,51502,충청남도 수원시 권선구 오금로 340-31 (숙자이동),정남이빌라 Z동 933호,033-510-3149,oi@example.net
김지혜,80669,충청북도 수원시 권선구 테헤란57거리 47-67 (상호송리),영환박마을 548호,063-964-8980,cbag@example.com
박정수,54965,강원도 구리시 학동길 461 (성수송리),성현신연립 312호,031-503-3990,boram31@example.org
이은지,96269,대전광역시 관악구 서초대49길 529 (민재김마을),예지류마을 가동 799호,063-065-2169,zgim@example.net
곽수진,00153,충청북도 안성시 서초중앙길 826 (서연김읍),성호이연립,061-819-8826,suminbag@example.com
김수빈,62851,서울특별시 성북구 석촌호수8로 848,보람김양마을 P동 546호,043-492-0033,ihyeonju@example.com
강경희,23077,제주특별자치도 서천군 반포대길 203 (현우박홍리),민지김김타워 Q동 901호,016-315-1078,yeongceolbag@example.org
김우진,79383,경기도 부여군 도산대40거리 지하515,영식조아파트 564호,041-074-2199,hbag@example.org
이지훈,31414,제주특별자치도 동해시 잠실로 571 (영일강김면),옥순김아파트 K동 895호,051-425-2159,ngim@example.com
김진호,14676,충청남도 강릉시 테헤란158가 281,하윤손타워 699호,032-756-6033,sanghuni@example.com
김승현,94818,경기도 청주시 청원구 언주가 460,서윤고빌라 J동 660호,053-965-2583,yeongho43@example.com
김광수,09619,인천광역시 종로구 석촌호수길 462 (진호이김동),정순이아파트,043-123-6422,eunjeongsong@example.org
이현준,61699,서울특별시 강북구 백제고분길 545-78 (지원박동),옥순윤이타워 057호,054-052-2959,caeweongim@example.com
한동현,27903,경상남도 오산시 오금092길 지하906 (지훈이면),경희박박빌라,061-422-2896,jongsusim@example.net
박정숙,08907,경기도 공주시 학동가 893 (병철신읍),하은김김빌라 K동 680호,016-422-2742,donghyeon27@example.net
이민지,95296,대전광역시 송파구 반포대가 184-33,중수이타운,018-364-1938,juweonjang@example.com
최종수,96682,충청남도 구리시 역삼4길 967,하은김타워 778호,010-3320-7912,hwangjeongho@example.net
김병철,21727,제주특별자치도 진천군 잠실579거리 198,미숙이박연립 500호,032-854-4396,seunghyeongim@example.net
김정호,88972,인천광역시 영등포구 개포092거리 242-34 (정훈박김읍),미경김박연립,063-371-9730,gyeonghyi15@example.com
강지아,64741,서울특별시 서대문구 오금834거리 546 (영환김리),건우이빌라 502호,017-612-3741,jaehyeongweon@example.org
이준혁,09229,강원도 시흥시 서초중앙로 531,영미김타워,052-818-6511,jeonghyi61@example.org
남은지,94126,광주광역시 성북구 삼성696로 84,은지이김타운 마동 662호,010-8204-0180,misug11@example.com
박영미,41735,경기도 안산시 논현850거리 535 (은주김동),지우안타워 라동 776호,044-118-7529,namyeonggil@example.net
황영희,09882,경상북도 오산시 논현가 898-1 (도윤이김리),영미이빌라 564호,02-4822-4729,uhan@example.net
서경희,22164,서울특별시 강남구 서초대9거리 348-35,영희윤연립 라동 620호,033-120-6778,baegyeongja@example.net
최민수,83825,광주광역시 강북구 개포길 456 (지은우리),상현이이연립 801호,031-333-6459,jinyeongsig@example.org
박경자,98194,경상남도 안산시 단원구 논현로 20,광수양연립 G동 761호,031-479-0866,fbag@example.com
김정희,06728,부산광역시 광진구 개포길 지하609 (지훈김읍),순자박연립,016-463-7508,yeji47@example.com
손영철,75955,부산광역시 도봉구 학동거리 지하264,우진김타운 C동 858호,051-650-0165,oryu@example.com
김종수,22109,충청북도 양주시 언주로 443 (민재김리),영철김타운 247호,054-248-9886,iyejin@example.net
이예은,82010,강원도 가평군 서초대길 556-78 (서현허읍),중수김타운,018-686-8672,gimseoyun@example.org
최지원,24194,전라남도 의왕시 삼성길 844-59,영철김김아파트,011-625-8731,anhyeonu@example.org
최옥자,92208,인천광역시 서초구 역삼가 429,민재박강연립 941호,054-836-9106,ijimin@example.com
이수빈,12680,대전광역시 성동구 오금559거리 192-86 (정숙송강마을),영환한아파트,033-186-4344,obag@example.org
김예준,25215,서울특별시 중랑구 선릉로 576-8,시우이이마을,042-851-7177,yangjeongsig@example.net
강지우,65034,광주광역시 강동구 언주로 357,병철박박연립,02-6129-9417,bgim@example.org
송수빈,04095,울산광역시 양천구 서초중앙길 230-69 (도윤강마을),서윤김박연립,031-839-2796,yeweon12@example.com
김정숙,10412,인천광역시 관악구 강남대7로 114-51,성현박빌라 927호,011-991-0586,seunghyeongim@example.org
고현숙,40691,충청북도 화성시 논현544가 75 (미정이읍),상철윤양연립 Y동 064호,052-913-2389,minseog95@example.net
안성민,32223,경상북도 속초시 선릉길 83 (미경이황읍),도현김연립,044-787-7229,vhong@example.org
박지현,07914,인천광역시 종로구 잠실2가 321,지민김김아파트,053-271-1720,jeongjagim@example.net
박정순,90122,세종특별자치시 동구 역삼길 512,지아김빌라 795호,055-702-7420,jinhogim@example.org
이현주,18021,전라북도 서산시 백제고분길 47-82,영수박연립,018-479-4275,yunjeongho@example.com
황예은,41616,충청북도 파주시 서초중앙06길 지하227 (현주윤김읍),현주이백아파트 B동 356호,052-346-6153,iyeongsu@example.org
이정수,83580,서울특별시 도봉구 압구정99로 690,정수장타운 620호,051-260-6263,imsujin@example.net
엄성훈,19328,세종특별자치시 용산구 역삼로 158 (예원지백읍),영식이연립 136호,02-6339-0484,jeongsun89@example.net
황현정,53844,울산광역시 용산구 테헤란75길 964,도현홍권연립 Z동 765호,054-241-3091,geonugim@example.org
이중수,38116,대전광역시 강서구 도산대62길 682-81,성민이고타운,011-515-0504,muneunseo@example.org
이지민,07889,강원도 구리시 양재천3로 697 (영길오이리),옥순이김타운 192호,055-860-9797,coeyeongsig@example.com
박성훈,59318,대전광역시 광진구 영동대가 553-23,미숙이타운 695호,055-698-1223,hgim@example.org
김종수,01672,전라북도 인제군 테헤란560길 796,정순김아파트 D동 611호,016-083-3010,jeonghun49@example.org
이광수,37353,충청남도 광명시 반포대길 733 (유진박이읍),준서곽서타운,02-3449-8563,jeonghungim@example.org
강정식,85810,충청북도 성남시 삼성746로 578 (유진윤마을),은주장장마을 J동 863호,062-995-7971,jaehyeon85@example.com
이경숙,99845,제주특별자치도 평택시 도산대2가 940-48 (윤서이김동),영길김최타운 691호,02-7567-4413,nammyeongja@example.com
장광수,01194,광주광역시 도봉구 반포대가 224-53 (아름김최동),옥순조타운 826호,055-768-1048,jiujo@example.org
백병철,30715,전라북도 성남시 삼성96로 817-12 (우진최이읍),예준김김타운 220호,043-784-2651,ohong@example.net
노순자,05910,경기도 용인시 수지구 반포대가 413,정웅이김빌라 228호,055-650-5449,sanghun85@example.net
양서준,58051,전라북도 안양시 동안구 오금가 344-2,예은류마을,051-861-0969,eunji28@example.com
김상훈,78357,울산광역시 광진구 잠실42가 801-91,서준이허아파트 B동 244호,042-767-7159,minjaei@example.com
지지후,82722,대구광역시 동구 반포대거리 668,도윤김타운 087호,031-600-6160,yeweongim@example.net
이준혁,58535,충청북도 예산군 백제고분길 809-64 (예은이김동),민서이마을 448호,043-565-3412,byeongceol15@example.com
김현지,96361,충청남도 천안시 동남구 오금로 591-95,지민최백타워 N동 519호,051-203-0329,jeongjunho@example.org
김민준,78356,세종특별자치시 은평구 서초대00길 66,은주이연립 214동 737호,052-473-6504,coedonghyeon@example.com
이지연,09792,경상남도 군포시 가락84가 306,민준홍타운 946호,064-737-1866,bagyeongsun@example.net
강은경,17593,인천광역시 도봉구 석촌호수길 69,지영박연립 176호,053-205-9271,rcoe@example.net
박은주,41913,전라북도 보은군 영동대길 995-83,은정이이빌라,018-848-8110,agim@example.com
홍지훈,96589,세종특별자치시 강동구 삼성898로 664 (민서최김리),성민박마을 N동 930호,019-621-7975,jeonghyii@example.com
윤상현,55242,울산광역시 북구 언주로 323 (예지황김동),현주김빌라 N동 634호,019-671-5593,ebag@example.com
신중수,20091,충청북도 영월군 강남대06가 773 (서영서면),영숙김조아파트 L동 800호,061-869-4671,bageunyeong@example.net
이정숙,15057,전라북도 광명시 삼성86거리 297-4 (은서배장마을),정훈이최마을 195호,010-7850-4082,munjeongja@example.com
박영수,39150,대전광역시 북구 언주37거리 523,주원윤김연립 Y동 180호,033-018-4592,haeun19@example.com
허정자,04181,강원도 화성시 압구정로 517-67,영진이빌라 085호,051-842-8882,cgim@example.net
이하은,90249,인천광역시 노원구 백제고분길 278,승현김이타운 605호,043-380-5440,gimjeongsig@example.com
서영진,32340,전라북도 화성시 학동424길 지하403,예진강타워 E동 776호,017-563-0495,jangjunhyeog@example.org
이경수,44133,전라북도 광명시 양재천2거리 998-25 (주원이이면),정훈김박아파트 I동 135호,018-647-9954,jgim@example.org
김채원,62669,경상북도 구리시 가락길 999-66 (영환김김마을),지민김아파트 S동 974호,017-010-0415,yejungweon@example.com
김준호,35788,강원도 공주시 논현327거리 191-80 (재호우마을),현지김타운 972호,02-6366-5274,yeongceol40@example.org
조미경,35240,부산광역시 강서구 서초중앙길 736-26 (지연김강동),성훈최타워,052-630-6501,bi@example.org
윤은영,56195,전라남도 시흥시 선릉가 230 (상호성김동),승민김연립,051-897-3747,di@example.net
강정숙,50861,울산광역시 관악구 역삼4거리 711-17 (수빈임하마을),옥자박타운 097호,02-0860-2620,hyeonjeong91@example.org
최명숙,06114,대구광역시 용산구 잠실거리 210,예지이타운 Z동 795호,031-518-1739,jeongja21@example.com
김예진,50384,세종특별자치시 동작구 반포대0로 164 (미영이주면),정희이송타워 649호,064-775-8131,yeonghogim@example.org
김영환,15327,인천광역시 서대문구 잠실193가 393-98,예은박최아파트,02-2170-1827,si@example.com
민은주,56807,경기도 부천시 오정구 서초대030거리 63 (명자백양면),수민정아파트,042-513-1939,ijuweon@example.com
박종수,89348,강원도 구리시 압구정거리 619 (성수안면),영환박김타워 687호,010-5078-9541,ri@example.com
이준호,06263,인천광역시 강남구 선릉0로 433-70 (지아김백리),예지김이연립,044-185-8164,ijia@example.org
최준서,15176,제주특별자치도 시흥시 오금로 394,진호박양연립 C동 512호,032-042-0443,yeongsun05@example.com
오영식,37461,경상북도 가평군 잠실365로 590,미영손타운 I동 174호,054-459-7912,gimsangceol@example.org
김준영,19691,서울특별시 동작구 압구정34길 701 (정남우마을),동현손김타운 P동 271호,070-5624-0700,ryujunhyeog@example.net
이영식,04006,부산광역시 동작구 학동83거리 지하295,건우양아파트,070-9298-3099,gimjongsu@example.org
김성현,79507,울산광역시 양천구 학동가 810-60,주원박이빌라 Z동 382호,010-0253-1257,do@example.com
강정식,91975,대구광역시 서초구 언주거리 268 (주원곽양마을),진호허타워 I동 754호,042-545-9515,yundonghyeon@example.org
이지후,23687,인천광역시 서구 백제고분로 951,수빈고최빌라,064-786-8649,jongsugim@example.org
이선영,08521,울산광역시 성동구 서초대로 889-65 (영일박곽마을),숙자오빌라 127호,018-979-0818,agim@example.org
고정희,47541,경기도 음성군 도산대로 864-66,미정유강타워,061-337-3088,yeongsuno@example.net
김영자,62023,제주특별자치도 구리시 도산대86거리 381 (준서김읍),성훈서임아파트 713호,055-040-6796,hyeonsuggim@example.net
박서현,19101,경기도 양양군 언주49로 262-94,정희박박연립,042-388-9472,coejunhyeog@example.net
김예은,06762,강원도 강릉시 선릉로 793-93,준혁이박아파트,052-583-0985,pgim@example.org
남예준,23644,인천광역시 북구 삼성280가 971-84,정호이곽타운 B동 711호,010-1110-3726,jiyeon34@example.com
박민준,39466,전라남도 고성군 학동754로 219 (성훈김한마을),현지한타워 가동 285호,051-959-6041,areum86@example.org
김현숙,84930,전라남도 포천시 영동대거리 813-84,서윤류빌라,02-4800-2378,siu94@example.org
곽지아,43336,울산광역시 양천구 서초대5가 768 (정순이이리),민준서김타워 560호,018-924-5715,qi@example.org
이정숙,88373,광주광역시 강남구 영동대로 지하244,준혁홍최연립 J동 173호,02-9278-5291,gyeongsugim@example.org
윤수빈,16367,경기도 안양시 만안구 오금394길 609 (건우오이리),영진박아파트 133호,052-688-1161,bgweon@example.com
이민재,40987,충청남도 아산시 개포가 955-65 (성현박김마을),경수하조타워 H동 257호,043-477-3557,minseo04@example.org
류영순,32883,강원도 당진시 가락로 459-11,지은김김연립 Q동 093호,064-727-5182,coeyeongsug@example.org
정정호,38695,전라북도 수원시 역삼103가 지하341,서영김타운,033-663-1863,hwangogsun@example.org
송지민,63077,강원도 김포시 봉은사5길 44,영희한아파트 045호,062-792-4541,subin70@example.org
한영미,46863,울산광역시 동작구 영동대3가 799-93,서영박배타운 692호,019-579-0224,gyeongsu29@example.net
권준서,64303,경상남도 이천시 오금18로 지하614 (정호김마을),영일강타워 Z동 394호,063-151-9428,ggim@example.com
박정희,19878,충청북도 보령시 도산대가 280 (지훈김읍),동현이아파트 J동 400호,051-377-8239,iseoyeong@example.net
강미정,41136,충청남도 성남시 중원구 언주1가 190-83,성현김김마을 230호,041-590-6013,isong@example.org
강정수,34469,충청북도 예산군 테헤란길 587-20,영미손이타워,02-0057-0529,ryumyeongja@example.net
오성진,20469,대구광역시 마포구 언주거리 331,수민배타운,017-471-6521,jeongunggim@example.com
최준서,08362,경기도 고성군 반포대8길 116,순옥나주연립,031-334-9779,yeongceol74@example.com
박정자,86212,제주특별자치도 용인시 기흥구 서초중앙1거리 721 (명자박면),재호이김타운 X동 069호,032-868-8494,iareum@example.net
김경희,43072,충청북도 시흥시 영동대가 120-87 (경희김읍),은영김마을 868호,064-768-9786,jeongmyeongsug@example.com
이은서,98808,서울특별시 강북구 논현가 957 (경희안이면),정숙이타운 300호,011-063-7204,hyeonji53@example.com
서성민,59441,대전광역시 종로구 학동0길 157,정자윤연립 816호,051-009-3911,donghyeonhong@example.org
최준호,37908,경기도 서산시 선릉7거리 802,혜진오박마을 I동 268호,063-536-4305,caeweongim@example.org
이윤서,39930,전라남도 부천시 원미구 테헤란거리 588 (영식윤리),영식이타워 N동 000호,063-518-5726,ogsungim@example.net
박정훈,81054,대구광역시 구로구 봉은사16길 963,정자강이타운,032-331-7194,misugseo@example.net
김병철,55551,충청북도 부천시 백제고분71거리 130 (경수김동),시우장타워 881호,053-505-7856,sunog16@example.com
이영철,32590,강원도 서천군 강남대149길 593-89 (현지양최면),순자한아파트,016-311-5304,iminjun@example.net
장미경,12447,제주특별자치도 성남시 분당구 석촌호수거리 875 (민석김동),지훈홍연립 671호,031-070-9194,cunjasong@example.net
박지후,01858,인천광역시 서대문구 양재천86로 139-63 (성진백동),정숙이서연립 947동 935호,041-263-0945,ogsunbag@example.net
박유진,44285,제주특별자치도 청주시 서원구 잠실3로 896,준호안박마을 213호,070-3096-1755,yeeun87@example.com
장예원,27370,울산광역시 서구 개포가 46-83 (준혁최리),경숙김마을,016-714-6715,jeonghyi27@example.com
남서준,15166,대구광역시 구로구 백제고분가 810-30,성민한타운,051-273-6767,gyeongjabag@example.net
이현숙,81130,강원도 홍성군 서초중앙길 622 (성진박읍),미경김장타워 031호,061-503-7430,gimjia@example.com
이정식,36510,충청북도 옥천군 잠실거리 지하516 (영환남장읍),현지박타워 D동 913호,051-490-7416,dbag@example.org
김정희,07908,서울특별시 도봉구 테헤란길 지하474 (예지이읍),현지윤이마을 M동 845호,064-763-4936,junseo23@example.net
서서연,10119,인천광역시 용산구 반포대106길 75,현숙이빌라 805호,043-167-7291,yunseogim@example.org
김서준,43608,경상남도 속초시 학동거리 517-1 (예지한황리),은경박아파트 280호,010-8831-4734,gimjunhyeog@example.net
김명자,77576,인천광역시 영등포구 테헤란길 794 (은경주마을),지영구최타운 034호,044-462-5196,seoyeongjang@example.org
이정호,12511,인천광역시 중랑구 도산대88길 503 (지은장이마을),정순김이타워,044-385-6510,subinhan@example.com
황승현,10415,울산광역시 남구 양재천로 113-99,선영김한빌라 845호,016-672-9478,jihye34@example.net
이동현,65446,대구광역시 마포구 학동570가 282-19 (경자김강면),성훈김타운 507호,032-580-1005,gimseohyeon@example.net
최준서,95453,전라남도 용인시 서초대990가 517-40,도윤강아파트,053-918-7560,seongminbag@example.net
배재호,76067,대전광역시 영등포구 테헤란553로 지하736 (순자최이리),영수박김마을 048호,017-265-6689,hyeonjun02@example.net
심정희,76537,충청남도 포천시 가락로 754 (미숙김김동),정순이김타운,070-2331-4571,mgim@example.com
최아름,80266,광주광역시 노원구 봉은사거리 538 (병철김리),정웅김빌라 X동 344호,011-355-4812,junhono@example.org
이영순,65371,충청북도 가평군 학동428로 291 (지민황면),영자송박마을 A동 931호,070-7814-5880,yeongsugwag@example.org
송정남,06574,제주특별자치도 성남시 수정구 역삼2로 317-22,옥자심아파트 942호,033-958-9323,mcoe@example.net
이성호,24739,경기도 제천시 삼성길 454,상철박아파트 바동 718호,053-054-7198,coejunho@example.net
이은주,02951,강원도 청주시 서원구 반포대235길 399,하은박빌라 880호,031-790-6283,jihugweon@example.net
이영환,57295,충청남도 인제군 언주7로 779-81,정식이마을,044-617-2598,imigyeong@example.com
한정희,20872,세종특별자치시 동구 역삼로 972-1,예준김연립 D동 502호,070-3965-2623,bbag@example.org
윤시우,68699,광주광역시 동대문구 논현3로 179 (진우서박읍),미경이김빌라 라동 570호,032-199-5122,jinho35@example.org
박준호,95920,울산광역시 중랑구 도산대17로 656,정숙김이마을 G동 739호,016-622-0059,ugim@example.org
류명숙,99951,울산광역시 은평구 언주1거리 477-7,지후이연립 나동 040호,041-238-0315,eunjuseong@example.net
엄옥순,00700,경상북도 안산시 단원구 개포로 840-91,지은유마을 276호,041-377-2699,songjunhyeog@example.com
최우진,24662,부산광역시 동구 학동거리 380 (예지류김리),민준조마을 525호,055-991-0748,gimseonghyeon@example.org
조재호,47443,제주특별자치도 화천군 봉은사가 220,채원홍안마을,042-203-0691,yeonghwan88@example.net
안민준,74470,경기도 청주시 흥덕구 반포대098거리 180,상현김임빌라,064-765-6568,munyeongsug@example.com
김준혁,60530,경상북도 남양주시 논현로 164,현우김이타운,018-733-5868,oju@example.net
이상철,54691,광주광역시 성동구 압구정가 112-18,경숙한김아파트 457호,064-788-0586,geonusim@example.com
정성호,91519,광주광역시 북구 도산대거리 821-78,명자이이연립,063-811-1338,vjang@example.org
한경숙,02828,경기도 단양군 잠실32거리 지하703 (옥자이리),상호조권마을 094호,044-988-5680,mseo@example.net
박성현,35712,서울특별시 남구 석촌호수01길 119,영식노아파트,02-5355-9533,suminca@example.com
문준호,92513,경기도 안산시 단원구 가락45길 314,수진박타워,052-178-3471,tson@example.com
박예준,71661,경상남도 논산시 양재천가 351 (현정백동),영식권연립,041-998-7069,sujin55@example.org
김민지,32936,강원도 청주시 상당구 역삼2길 649-83,은서김아파트 533호,063-386-4142,psong@example.org
이영자,79498,전라남도 청주시 상당구 테헤란273거리 260-40 (혜진박리),지민이최아파트 830호,018-827-2678,gangsanghyeon@example.net
김영환,15157,충청남도 서산시 개포길 707 (영수윤면),지후김배아파트,031-680-9087,hongyeongsig@example.org
박현정,72376,인천광역시 중구 석촌호수1거리 857-73,영식이마을,017-290-1706,yunjungsu@example.org
강서연,51205,세종특별자치시 성동구 오금66거리 618-15,유진이연립,043-762-6877,hongminjae@example.com
배지영,81697,충청남도 이천시 백제고분06길 지하857,민지최이타워,064-792-7300,jeongjayun@example.org
성상철,01120,전라북도 강릉시 영동대38로 327-47,아름김타운 T동 889호,016-387-5305,bagyeweon@example.net
이영진,09152,충청북도 수원시 영통구 언주14길 429,성훈박마을 R동 482호,061-172-4944,ogim@example.org
민은주,13416,전라남도 천안시 서북구 반포대거리 144 (옥순박강마을),하은김박타운,010-4926-5741,bagseohyeon@example.com
송영철,08844,부산광역시 성북구 서초중앙거리 812-14 (동현한이마을),현주김마을 L동 104호,02-0901-4145,iseoyun@example.com
송지혜,71398,광주광역시 마포구 삼성5길 433,하윤윤이연립,062-637-6584,seodohyeon@example.com
이상현,23127,울산광역시 구로구 반포대544거리 107-66,미경김장타운,018-834-2002,jangseoyun@example.org
김영식,03039,광주광역시 북구 영동대83로 지하723 (영환김동),경수박타워,063-800-5742,jeongnam98@example.net
백영일,20972,경기도 서산시 학동로 365-3,민재이연립 O동 410호,064-735-5949,sbaeg@example.org
김은지,97498,세종특별자치시 영등포구 강남대0로 지하125 (수진최장읍),정자이아파트,018-031-0581,yejingim@example.com
권민준,09030,대구광역시 강동구 오금가 1,정숙류최연립 D동 403호,017-224-2227,jinugim@example.org
곽동현,44218,울산광역시 중구 봉은사로 248-32 (영길이동),채원홍마을,016-003-1183,gimcunja@example.com
이정훈,37385,경상북도 안성시 압구정거리 456-31,정호진심연립 E동 220호,02-8620-3386,jeongsun23@example.org
김성진,84399,세종특별자치시 노원구 삼성35가 지하894,현주김이타운 P동 453호,032-290-6114,junseo77@example.com
안수진,98957,전라북도 서산시 도산대거리 610 (정순강동),승민박빌라 187호,052-119-4709,myeongja70@example.org
박영숙,94050,서울특별시 서초구 도산대26길 940 (영환이마을),예원박연립 P동 480호,051-179-2941,bagsangceol@example.net
김민석,08250,부산광역시 성동구 서초대73로 458-4 (예지김읍),종수박타워 031호,053-668-5466,li@example.org
최정남,84080,충청남도 옥천군 강남대485길 532,지우김타운 다동 056호,044-049-9129,cha@example.net
안서연,40514,광주광역시 북구 봉은사603로 943-56,옥순양아파트 K동 756호,010-9905-2940,jieuncoe@example.net
이승민,50881,세종특별자치시 서대문구 테헤란로 185,미정윤전마을,070-9153-4116,jeonjeongja@example.org
최서준,48387,제주특별자치도 평창군 석촌호수3거리 825-7,현지한마을,053-608-1603,pgim@example.net
손영진,89381,대구광역시 서초구 도산대57거리 596 (영환김읍),예원안연립 699호,052-360-6995,junhoi@example.net
송유진,01713,광주광역시 강동구 삼성9길 750-17,중수장타워 나동 944호,019-711-3100,yeji72@example.com
박춘자,84903,울산광역시 성북구 테헤란939거리 858-96,순옥황김타워 770호,011-167-6142,bagminjae@example.org
윤시우,93573,경상북도 이천시 테헤란240거리 948-82 (성진백박마을),은지강김타운 N동 851호,055-882-3879,gimareum@example.com
이지연,39587,대구광역시 강북구 영동대길 50 (재현황오리),정수김타워 700호,011-056-5311,jaehogim@example.com
김상호,40838,부산광역시 종로구 학동7길 200,지후심안마을 779호,054-618-0657,seoyeonseo@example.org
한우진,66656,전라북도 괴산군 선릉4거리 918-50,현준김마을 라동 187호,042-757-8510,wgim@example.net
김미숙,21601,서울특별시 중랑구 테헤란거리 734-23 (수진구이읍),정식안이연립,064-782-9309,mbag@example.com
문숙자,39062,경기도 안양시 만안구 백제고분8거리 478-78,은경신구연립 M동 462호,019-766-2510,gimseonghun@example.net
권지은,90083,대전광역시 광진구 가락가 869 (승민장마을),영길최김아파트 313호,051-490-4237,yejin74@example.org
이지후,43394,강원도 김포시 삼성78로 141-30,지영이타워 059호,054-791-4364,vyang@example.net
김은정,68447,전라북도 양주시 역삼33거리 938 (지원홍김리),하윤김연립 605호,055-012-2028,yeweon22@example.org
이정호,65945,울산광역시 관악구 개포가 257,민석김아파트 나동 887호,02-9988-1654,vcoe@example.com
김건우,38464,서울특별시 양천구 개포548가 928 (현준김면),정호김연립 G동 579호,043-156-1835,rryu@example.com
이시우,09086,강원도 철원군 오금길 89,성현최김아파트 729호,017-942-4339,heoseungmin@example.com
백재현,13229,인천광역시 노원구 서초중앙가 지하938,지아김박빌라 F동 151호,063-424-9892,dhan@example.net
오영미,61305,인천광역시 서구 학동길 327-45 (영철박김마을),진호장황연립,041-312-2208,gimminseog@example.net
김은서,03379,경상북도 부여군 서초대거리 651,서윤이타워 O동 548호,033-798-7791,yeeunsim@example.org
최아름,90314,광주광역시 서초구 역삼3거리 471-83 (준영송마을),정웅김아파트 269호,054-629-6295,gimyeongja@example.com
윤경자,22029,울산광역시 광진구 테헤란290길 250 (예준황면),지우황박아파트 265호,033-301-5557,gimjiweon@example.org
송정호,83020,부산광역시 영등포구 반포대7길 546,정희김박빌라 847호,016-878-8018,syun@example.org
이종수,93333,경기도 양주시 선릉4로 543 (현정김마을),성현허김빌라 412호,063-658-2558,ucoe@example.net
이유진,32304,대구광역시 구로구 잠실0거리 13,명숙장아파트 라동 004호,041-904-1441,gimjeongja@example.com
이지아,44827,세종특별자치시 영등포구 봉은사가 669-68 (영숙김조마을),정남류타워,017-509-0491,najimin@example.com
최우진,66787,충청남도 안성시 테헤란033로 220-48,민재차타운,010-3070-0813,kan@example.net
김경희,33092,전라북도 부천시 압구정길 632,순자이배타운 U동 741호,019-285-8450,seongjin70@example.net
윤민준,48367,광주광역시 서초구 서초중앙61로 841 (정훈이마을),도현노김타워,063-338-3573,jiubaeg@example.org
김경숙,58279,대전광역시 동대문구 선릉로 576-66 (영순류리),현지김빌라,044-344-9160,eunjeong07@example.net
김혜진,71567,강원도 서산시 학동89길 228,승민최타워 695호,055-403-2299,dyun@example.com
이채원,30737,충청북도 가평군 가락로 지하616 (정수안최마을),진우박박아파트 347호,054-049-0006,namhyeonsug@example.org
이미정,23004,부산광역시 강서구 테헤란로 142-53,예지곽권연립 738호,02-7381-2180,igyeongsu@example.com
이주원,88121,제주특별자치도 안산시 상록구 가락15로 530,미숙주타운,043-528-9898,seunghyeon78@example.com
김서연,50623,충청북도 용인시 기흥구 역삼0로 906-82 (민서류읍),보람김타운 734호,043-757-3128,seongjaehyeon@example.org
이상현,36533,제주특별자치도 청주시 청원구 서초대길 179 (순옥홍읍),영순김김연립,061-666-1028,ijia@example.com
양수빈,88402,경기도 부천시 오정구 역삼3가 902 (재현조박동),민지김김타운,010-4934-8092,jiyeon55@example.net
이민석,54286,대전광역시 용산구 반포대거리 855-65 (재현민읍),예원서백빌라 W동 827호,042-403-4047,cunjajo@example.net
류민지,58566,대구광역시 용산구 양재천거리 458,예준최하타운 370호,017-032-2019,gyeongja79@example.net
이성현,87638,충청남도 오산시 오금가 884-97 (준호노마을),선영김강아파트 C동 017호,062-442-0647,pbag@example.net
한수민,08564,대전광역시 중랑구 학동2가 121,예지김타운 498호,010-6971-4784,ogsungim@example.net
이성현,68189,전라남도 성남시 삼성로 24,정남홍타워,044-490-7822,junyeong07@example.net
하도윤,55143,부산광역시 동구 도산대2거리 285-42,지연김타워,02-1424-4435,myeongja54@example.com
김영수,99857,경기도 김포시 양재천021가 726-21,현주김타운 Q동 682호,055-909-6473,myeongjajeong@example.org
류예준,60105,강원도 과천시 석촌호수가 983,명자강빌라 마동 238호,061-268-3057,jeongjabag@example.org
김준영,77812,전라남도 철원군 도산대8로 지하324 (지영박동),미경송빌라 라동 698호,010-4264-9218,jiyeong06@example.com
곽채원,66185,전라남도 파주시 봉은사9거리 360-5 (예지이읍),지후박박아파트,054-150-5670,jeongsun97@example.com
장현지,08572,대구광역시 동대문구 백제고분6길 924-95,현정이아파트 S동 567호,061-248-8254,ganghyeonu@example.com
김민준,04159,인천광역시 동작구 테헤란30거리 886 (명숙홍읍),윤서김타운 V동 759호,070-6430-9499,jangyujin@example.net
권상현,80461,서울특별시 북구 압구정305길 257,하윤박연립,055-817-6077,ji@example.com
이성호,85391,제주특별자치도 동두천시 서초중앙16로 449,상훈김안아파트 662호,063-468-4985,sanghunbag@example.org
최미영,17732,인천광역시 강동구 학동465거리 351-54,옥순이연립 068호,062-762-2004,borambag@example.org
김영호,56511,충청북도 부여군 선릉0가 547-71 (진호김김리),예진백마을,010-1612-5014,gimminjun@example.com
권현지,14641,인천광역시 광진구 선릉가 924-61 (옥자고면),준호박아파트,062-486-7906,ayang@example.org
최영진,02125,전라남도 괴산군 오금048가 183 (준서문동),지훈이박타워 228호,019-925-3016,igim@example.com
김서윤,97847,강원도 평창군 영동대길 116-38,민지김타워,02-3781-8392,yunjiweon@example.net
권민서,35743,강원도 안산시 개포로 567,명자이김아파트,019-573-7009,sonhyeonjeong@example.org
김중수,52532,광주광역시 도봉구 오금가 294,선영김오마을 562호,070-8230-9647,doyunan@example.org
김춘자,04138,인천광역시 중구 백제고분96길 878-97 (지연배읍),지민김손아파트 420호,062-509-2469,jeongho49@example.net
류서연,71149,인천광역시 강남구 학동8로 71-66,지아이연립 D동 235호,042-020-4958,hgim@example.com
권영순,60841,경상남도 태안군 영동대18거리 842,정웅김아파트 U동 110호,017-655-4372,gimjihyeon@example.net
이지아,18105,세종특별자치시 종로구 학동가 158-16,민지최김빌라 207호,054-083-7550,seojiu@example.org
박미숙,79116,대구광역시 구로구 영동대거리 666 (병철김리),우진이타워 바동 117호,019-109-2331,iyeji@example.org
고현주,43633,제주특별자치도 광주시 양재천62가 969,은정김마을,017-738-3512,xbag@example.com
김승민,73050,광주광역시 관악구 선릉길 776-75 (순자최이리),정희이마을 676호,043-282-7438,geonugim@example.org
최순자,34168,부산광역시 금천구 논현거리 783 (병철윤안리),현정김타워,070-8534-9992,sgim@example.net
윤지현,21823,울산광역시 노원구 도산대4거리 927,상현최연립 Y동 906호,070-9350-0231,sugja14@example.com
이진우,33660,경상북도 청주시 청원구 도산대2로 501 (주원이마을),윤서박타운 O동 488호,051-609-7378,eunseo23@example.com
이도윤,71515,대구광역시 북구 백제고분91로 618,선영이이타워,051-091-6519,yeongmi73@example.org
김지영,72992,충청북도 성남시 분당구 도산대거리 33,상호송김빌라 742호,061-476-3659,ko@example.org
최지혜,16576,대구광역시 영등포구 강남대808가 361 (정식주민동),상호김연립 303호,032-840-1298,eunseo53@example.net
구승현,75470,경상북도 서천군 백제고분025로 지하525,춘자김심연립,064-736-0710,gimjuweon@example.com
김명자,65037,강원도 영월군 강남대63거리 지하473,예원신마을,070-7010-8796,yeongjini@example.org
윤정희,85820,부산광역시 금천구 양재천0거리 875-76 (민준서이리),춘자김황마을 500호,017-643-3860,gimgwangsu@example.net
박병철,27451,경기도 부천시 양재천로 870,지은이백빌라 G동 907호,053-776-5804,gyeonghyibag@example.com
박정웅,58928,부산광역시 송파구 강남대로 664,은경김타워,053-421-9164,doyun43@example.com
이영진,22691,충청남도 진천군 테헤란거리 382 (상철곽박동),현지김타운 D동 827호,019-816-0419,seoyeon68@example.org
김준호,69748,대전광역시 강북구 언주020가 652 (영철배유읍),서연박타워 781호,044-968-7494,minseog20@example.org
우준영,65188,부산광역시 양천구 테헤란가 450-58 (경자박면),순옥노마을 V동 702호,031-708-7061,jangjeonghyi@example.org
김광수,87089,충청남도 부천시 소사구 석촌호수5길 905-68,건우박타워,016-549-0782,jangjimin@example.net
노하윤,99305,인천광역시 종로구 서초중앙20길 지하838 (영숙홍곽면),윤서이빌라,031-659-7422,qyang@example.net
이서현,73132,충청북도 남양주시 테헤란895로 564-69,영일최김아파트 H동 674호,061-600-8303,wjang@example.net
김혜진,47416,서울특별시 서대문구 오금거리 745-13 (지은이읍),지혜최김빌라,044-179-0315,hongdoyun@example.org
이서영,37158,제주특별자치도 청주시 상당구 서초대298로 361,예은강김타운,043-908-6713,tgim@example.net
김영호,89196,울산광역시 서대문구 강남대로 지하412 (도현이박마을),은영황타워,053-570-7333,eunju80@example.org
오진우,04516,대구광역시 동구 강남대가 596-5 (현우김김읍),정웅김아파트 653호,055-421-4199,jinu07@example.org
김춘자,67153,울산광역시 북구 반포대6가 497 (광수김동),지은이빌라,019-103-4442,ijieun@example.net
김정숙,22455,인천광역시 중랑구 역삼478로 164-11,건우최이아파트 669호,042-331-7287,dohyeongim@example.net
장도윤,37935,부산광역시 관악구 반포대거리 916,현우이타운 E동 500호,061-708-6930,yeongsungim@example.net
서지은,18516,전라북도 괴산군 언주1거리 566 (성진김읍),은서김타워,018-526-6075,yeweon10@example.com
이지은,37619,경기도 서산시 언주거리 866,선영김권타운 Q동 561호,061-383-1265,yhwang@example.com
김재호,28723,인천광역시 은평구 역삼가 302-84 (준서양박읍),정식박김연립,054-604-7804,yeongsun96@example.org
노민수,95054,충청북도 가평군 삼성길 163,숙자홍김마을 28동 847호,019-005-0846,junhosong@example.net
하미영,72941,서울특별시 강서구 영동대가 564-30,지현심타운,018-601-8520,jihunseo@example.org
강상훈,78979,경상남도 보령시 양재천8길 903 (영환박김동),시우권타운,070-6056-3403,jiyeon64@example.com
김미경,42932,경기도 음성군 서초중앙19거리 35 (광수문읍),지후김안아파트,044-567-3527,ujeong@example.org
권정희,45770,부산광역시 노원구 서초중앙거리 971-67,서윤황타운,051-869-8733,junhyeoggim@example.org
이순옥,78472,부산광역시 서구 강남대거리 113-81,영호이타워,010-3150-2100,areum04@example.com
이순자,50515,서울특별시 동대문구 선릉로 842-66,영길이연립 208호,053-793-9460,jiyeong47@example.com
권경희,01710,대전광역시 중구 봉은사5거리 481-8,중수류김마을 935호,055-509-3674,seunghyeon74@example.net
윤수빈,39343,서울특별시 강동구 강남대가 389,영환이타워 867호,054-270-5886,gyeongsuryu@example.net
강정웅,37029,경상북도 하남시 강남대길 727-55,상호강마을 645호,051-192-0460,ihyeonjeong@example.net
김준호,23166,경기도 용인시 처인구 반포대거리 732,영식이연립,063-954-8399,hyejini@example.net
박서준,24857,광주광역시 노원구 서초대248로 417 (승민박동),순자강타운 X동 514호,043-201-4772,oseunghyeon@example.com
최경자,07518,충청북도 양주시 반포대가 지하596,상호이연립,055-731-7001,vi@example.net
김상철,41908,전라남도 영동군 양재천047거리 270,옥순오타운 마동 204호,053-239-1466,jihungim@example.com
윤상현,80668,대구광역시 금천구 반포대463거리 773 (영철박읍),예지이빌라 마동 503호,063-047-9454,jaehyeon15@example.net
최영자,42851,부산광역시 금천구 삼성44길 370 (준호오이읍),민준우지타운,063-055-0391,igim@example.net
오경희,78080,서울특별시 강북구 언주634거리 68 (성호이면),병철양박아파트 658동 570호,042-781-1810,gwagsanghyeon@example.org
이도현,53293,광주광역시 마포구 오금39가 519-36,선영김타워,010-7335-5392,egang@example.com
박수진,76417,전라북도 청주시 청원구 강남대가 지하828 (승민남박리),민서박아파트,041-399-6337,yeonghwan61@example.org
이영희,82333,전라남도 광주시 테헤란5거리 995-29 (성진김황동),성훈이타운 Y동 118호,033-234-3656,jiyeongseo@example.net
이미영,43552,경상남도 고양시 도산대3로 422-20,경자이주아파트 가동 001호,055-094-9407,sgim@example.org
송상철,04217,대구광역시 노원구 반포대1길 373-60 (진우김면),은영권마을 572호,041-804-8172,jiweonbag@example.net
서영식,08640,제주특별자치도 수원시 장안구 선릉4거리 189-35,승민송이타운,061-085-9463,gimseohyeon@example.org
이성훈,35844,서울특별시 남구 테헤란9가 443-25 (경숙이마을),영환김박아파트 B동 655호,017-751-7597,yeongho64@example.net
권경수,18433,세종특별자치시 서대문구 서초중앙83로 597 (진우박면),은정류이아파트 바동 527호,061-532-3908,gimseongsu@example.com
